sentence,emotion
אני מרגיש פחד עז כאשר אני נתקל במצבים שמאיימים על הבטיחות האישית שלי ומחייבים אותי להתמודד עם סיכונים שאני לא מוכן להם.,Fear
"אני מרגיש פחד עמוק כשאני שומע על אירועים מאיימים שהתרחשו בסביבתי הקרובה, מה שמעלה את רמת החרדה שלי.",Fear
"אני מרגיש פחד כשאני מוצא את עצמי מול סכנות שמאיימות על חיי וביטחוני, ואני מרגיש שאין לי שליטה על המצב.",Fear
"אני מרגיש פחד כשאני נתקל במצבים בהם ההשלכות עלולות להיות מאיימות ומסוכנות, מה שמקשה עליי להתמודד בצורה רגילה.",Fear
אני מרגיש פחד כאשר אני נדרש להתמודד עם אתגרים שמפחידים אותי ומעוררים בי תחושת איום חמורה.,Fear
אני מרגיש פחד כשאני חווה איומים פיזיים או רגשיים שמערערים את תחושת הביטחון שלי ומעמיקים את החרדה שלי.,Fear
אני מרגיש פחד כשאני פוגש אנשים או מצבים שמאיימים עלי באופן אישי ומעמידים אותי במצב של חוסר אונים.,Fear
אני מרגיש פחד כאשר אני חושב על השפעות עתידיות שיכולות להיות מאיימות ולגרום לי להרגיש חסר ביטחון.,Fear
אני מרגיש פחד כשאני נחשף למידע שמאיים על חיי האישיים ומקשה עליי לנהל את רגשותיי בצורה בריאה.,Fear
"אני מרגיש פחד כשאני מתמודד עם תרחישים שמרגישים לי מאיימים ומסוכנים, ואני מתקשה למצוא פתרון שיביא לי רוגע.",Fear
אני מרגיש פחד כשאני חושב על האפשרות של אובדן משאבים חשובים שיכולים להשפיע על חיי בצורה מאיימת.,Fear
"אני מרגיש פחד כשאני שוקל את ההשלכות של החלטה שמרגישה לי מאיימת, ומבין את הסיכון שבכישלון אפשרי.",Fear
אני מרגיש פחד כשאני נתקל במצבים שמחייבים אותי להתמודד עם המאיימת או סכנות שמעמידות אותי במצב קשה.,Fear
"אני מרגיש פחד כשאני נחשף למצבים שבהם אני מרגיש מאוים מבחינה אישית או מקצועית, והם גורמים לי לתחושת לחץ.",Fear
"אני מרגיש פחד כשאני רואה אנשים שחווים אובדן או סכנות שמאיימות על חייהם, ואני מפחד שזה עלול לקרות גם לי.",Fear
אני מרגיש פחד כשאני מוצא את עצמי במצבים שאין בהם שום דרך להימנע מהסכנה שמאיימת עליי או על יקיריי.,Fear
"אני מרגיש פחד כאשר אני שוקל את השפעת האיומים הרגשיים והפיזיים על חיי, ומבין את הקושי להתמודד עםיהם.",Fear
אני מרגיש פחד כשאני פוגש באיומים שנראים לי מאיימים ונראה שאין לי דרך ברורה להתמודד או למצוא פתרון.,Fear
אני מרגיש פחד כאשר אני נחשף לסיכונים שמביאים אותי למצב של חרדה מתמשכת ומקשים עליי לתפקד בצורה רגילה.,Fear
"אני מרגיש פחד כשאני מנסה להימנע ממצבים שמאיימים על בריאותי ורווחתי, אך כל מאמץ להימנע מהם נדמה כחסר ערך.",Fear
אני מרגיש פחד כשאני שוקל את התוצאות האפשריות של מצבים שמרגישים לי מאיימים ומבין את הקשיים שבמילוי התחייבויות.,Fear
אני מרגיש פחד כשאני נתקל בסכנות סביבתיות או רגשיות שמאיימות עלי ואני לא מוצא דרך להימנע מהן.,Fear
אני מרגיש פחד כאשר אני מוצא את עצמי חשוף למצבים שמאיימים על חיי האישיים והמכלול הרגשי שלי.,Fear
אני מרגיש פחד כשאני מתמודד עם חששות שמקורם במצבים מאיימים ובלתי נודעים שמערערים את תחושת הביטחון שלי.,Fear
אני מרגיש פחד כשאני נאלץ להתמודד עם אתגרים שמתריעים בפני סכנות רבות ומביאות אותי למצב של חרדה גבוהה.,Fear
אני מרגיש פחד כשאני נתקל באיומים שמעוררים בי תחושות מאיימות שמקשות עליי להרגיש בטוח ורגוע.,Fear
אני מרגיש פחד כאשר אני נדרש להתמודד עם בעיות שמציבות אותי במצבים מסוכנים שמזיקים לרווחתי האישית.,Fear
אני מרגיש פחד כשאני נתקל באיומים בלתי צפויים שמערערים את תחושת הביטחון שלי ומעמיקים את התחושות של לחץ.,Fear
"אני מרגיש פחד כשאני שוקל את ההשפעה של מצבים מסוכנים ומאיימים על חיי, ומבין את הקשיים שבמניעת התוצאות השליליות.",Fear
אני מרגיש פחד כשאני מתמודד עם פרויקטים שמלאים באיומים ובסיכונים שמביאים אותי למצב של חוסר ביטחון.,Fear
"אני מרגיש פחד כשאני נתקל במצבים שמאיימים על הקריירה שלי, ומבין את הסיכונים הקשורים לכישלון או לאי הצלחה.",Fear
אני מרגיש פחד כאשר אני מוצא את עצמי מול סיטואציות שמערערות את תחושת הביטחון שלי ומעמידות אותי במבחן קשה.,Fear
אני מרגיש פחד כשאני נחשף לסיכונים שמזיקים לבריאותי ולרווחתי האישית ומקשים עליי להתמודד עם האתגרים הנלווים.,Fear
אני מרגיש פחד כשאני נתקל בכשלים חוזרים שמאיימים על השגת היעדים שלי ומבינים את הכאב שבכישלון מתמשך.,Fear
אני מרגיש פחד כשאני רואה את הסכנות שבסביבות חדשות ומאתגרות שמביאים אותי למצב של חוסר ביטחון מוחלט.,Fear
אני מרגיש פחד כאשר אני שוקל את ההשלכות של פרידות כואבות שמערערות את תחושת הביטחון שלי ויוצרות איום רגשתי.,Fear
אני מרגיש פחד כשאני מתמודד עם מצבים מסוכנים שמערערים את הביטחון שלי ומפחידים אותי במידה רבה.,Fear
אני מרגיש פחד כאשר אני נחשף לאיומים שמתריעים בפני סכנות אפשריות שמעמידות אותי במצבים קשים ומאתגרים.,Fear
אני מרגיש פחד כשאני נתקל באיומים או סכנות שמערערים את שגרת חיי ומבינים את הקשיים שבמניעת התוצאה השלילית.,Fear
אני מרגיש פחד כשאני מוצא את עצמי נתקע במצבים שמאיימים עלי ומקשים עליי להתמודד עם הסיכונים הכרוכים בכך.,Fear
אני מרגיש פחד כשאני רואה את ההשפעה של סכנות אפשריות על חיי האישיים ומבין את הכאב שמלווה את תחושת האיום.,Fear
אני מרגיש פחד כשאני נתקל באיומים בלתי נראים שמקשים עליי להרגיש בטוח ולתפקד בצורה רגילה.,Fear
אני מרגיש פחד כשאני נאלץ להתמודד עם מצבים שמאיימים על חיי או על חיי יקיריי ומבין את הקשיים שבמצבים אלו.,Fear
אני מרגיש פחד כשאני שוקל את ההשפעה של שינויים פתאומיים ומאיימים שמערערים את תחושת הביטחון שלי.,Fear
אני מרגיש פחד כשאני מתמודד עם איומים שמביאים אותי למצב של חוסר אונים וחוסר ביטחון בהתמודדות עם הסכנות.,Fear
אני מרגיש פחד כאשר אני נחשף לסיכונים או מצבים מסוכנים שמקשים עליי לשמור על הביטחון והשלווה שלי.,Fear
אני מרגיש פחד כשאני נתקל באיומים שהופכים את חיי למורכבים יותר ומחייבים אותי להתמודד עם תסכולים וקשיים.,Fear
"אני מרגיש פחד עמוק כשאני מתמודד עם רעיון של כישלון שאני לא יכול להימנע ממנו, וזה משפיע על כל החלטה שאני מקבל.",Fear
"אני מרגיש פחד כשאני חושב על כל מה שיכול להשתבש במצבים חשובים בחיי, וזה מונע ממני לפעול ולהתמודד.",Fear
אני מרגיש פחד כשאני נתקל באיומים בלתי נראים שאינם מאפשרים לי להרגיש ביטחון אמיתי בסביבה שלי.,Fear
"אני מרגיש פחד כאשר אני נתקל במצבים שלא הייתי מוכן להם מראש, והם חושפים אותי לסיכונים שאני לא יכול לשלוט בהם.",Fear
"אני מרגיש פחד כשאני חווה תחושת חוסר אונים למול בעיות שנראה שאין להן פתרון, וזה משבש את שגרת חיי.",Fear
"אני מרגיש פחד כאשר אני נאלץ להסתמך על אחרים שאני לא בטוח בכישוריהם ובאמינותם, וזה מגביר את תחושת חוסר הביטחון שלי.",Fear
"אני מרגיש פחד כשאני שוקל את האפשרות של אובדן כל מה שאני מחזיק בו כרגע, וזה משפיע על כל היבט בחיי.",Fear
"אני מרגיש פחד כשאני רואה אנשים אחרים חווים מצבים שאני לא מצליח להבין איך להתמודד איתם, ואני מרגיש בלתי מוכן.",Fear
אני מרגיש פחד כאשר אני נאלץ להתמודד עם מצבים בהם אני מרגיש חשוף ומרוקן מכל יכולת לשלוט בתוצאה.,Fear
"אני מרגיש פחד כשאני שומע על אירועים קשים שקרו לאחרים ומבין שזה יכול לקרות גם לי, מה שמגביר את תחושת החרדה שלי.",Fear
אני מרגיש פחד כשאני עוסק בנושאים שמעורבים סיכונים פיזיים או רגשיים שאני לא יכול להתמודד איתם לבד.,Fear
"אני מרגיש פחד כשאני עומד בפני החלטות גורליות שיכולות לשנות את חיי באופן משמעותי, ומרגיש חוסר ביטחון בתוצאה.",Fear
"אני מרגיש פחד כאשר אני נאלץ להתמודד עם סיטואציות חדשות ומאתגרות שאני לא מכיר, והן מגרות בי רגשות של חשש.",Fear
"אני מרגיש פחד כשאני שוקל את העתיד שלי ואיך הוא יכול להתפתח לכיוונים שאני לא צופה להם, וזה מונע ממני לתכנן קדימה.",Fear
"אני מרגיש פחד כשאני מוצא את עצמי במצבים בהם אני מרגיש אבוד ומבולבל, ואין לי דרך ברורה לצאת מהסבך.",Fear
אני מרגיש פחד כשאני מתמודד עם חששות לגבי מצבי הבריאות שלי ואני לא בטוח אם אני מקבל את הטיפול הנכון.,Fear
אני מרגיש פחד כשאני מנסה לשנות את חיי אך מוצא את עצמי מול התנגדות שגורמת לי לחשוש מהשלכות השינוי.,Fear
אני מרגיש פחד כשאני חושב על האפשרות של חוסר הצלחה בפרויקטים חשובים ואני לא יודע איך להתמודד עם התוצאה.,Fear
אני מרגיש פחד כאשר אני מנסה להתמודד עם חרדות שמעוררות בי תחושות של חוסר שליטה על המצב.,Fear
"אני מרגיש פחד כשאני שומע על אנשים שנפגעים מסיבות שאינן ברורות לי, ואני מפחד שזה עלול לקרות גם לי.",Fear
"אני מרגיש פחד כשאני חושב על האפשרות של אובדן קרוב משפחה או חבר, והכאב הנפשי שמלווה את הרעיון הזה מפחיד אותי.",Fear
אני מרגיש פחד כשאני מוצא את עצמי במצבים בלתי צפויים שמערערים את תחושת הבטחון שלי ומעמיקים את החרדה שלי.,Fear
אני מרגיש פחד כאשר אני נדרש להתמודד עם בעיות כלכליות שמערערות את היכולת שלי לתפקד בצורה רגילה.,Fear
"אני מרגיש פחד כשאני נדרש להתמודד עם מקרים של אובדן או פרידה, שמזכירים לי את הסיכון שבקשרים אינטימיים.",Fear
אני מרגיש פחד כשאני חווה תחושת בדידות עמוקה ואיני יודע איך למצוא תמיכה או הבנה ממקורות חיצוניים.,Fear
אני מרגיש פחד כשאני פוגש באתגרים או במשימות שמדגישות את חוסר היכולת שלי להתמודד עם מצבים חדשים.,Fear
"אני מרגיש פחד כשאני שוקל את האפשרות של כישלון בתחום הקריירה שלי, ומה זה אומר על עתידי המקצועי והאישי.",Fear
אני מרגיש פחד כאשר אני עוסק בפעילויות מסוכנות שגורמות לי להרגיש חשוף לפגיעות פיזיות או רגשיות.,Fear
"אני מרגיש פחד כשאני נתקל באיומים ישירים על החיים שלי או על אלו של האנשים הקרובים לי, וזה מקשה עליי לתפקד בצורה רגילה.",Fear
אני מרגיש פחד כשאני מנסה להתרכז במשימות יומיומיות אך חווה רגשות של חוסר ביטחון שמונעים ממני לפעול בצורה אפקטיבית.,Fear
אני מרגיש פחד כשאני עוסק במשימות שדורשות ממני להתגבר על פחדים אישיים שמקשים עליי להתמודד עם אתגרים.,Fear
"אני מרגיש פחד כשאני חושב על אפשרות של כישלון באירועים גדולים כמו חתונות או מסיבות, ומרגיש שההצלחה היא קריטית.",Fear
אני מרגיש פחד כשאני מוצא את עצמי בסיטואציות חברתיות שמערערות את תחושת הנוחות שלי ומגרות בי פחד מהשיפוט של אחרים.,Fear
אני מרגיש פחד כשאני נתקל באיומים כלפי משפחתי ואני מרגיש שאין לי דרך להגן עליהם בצורה אפקטיבית.,Fear
"אני מרגיש פחד כשאני נאלץ להתמודד עם קונפליקטים או אי-סכמות עם אנשים קרובים, ומרגיש שאני לא יכול לפתור את הבעיות.",Fear
אני מרגיש פחד כשאני מנסה להתמודד עם בעיות בתקשורת עם אחרים ומרגיש שהפערים בתקשורת מעמיקים את תחושת החרדה שלי.,Fear
אני מרגיש פחד כשאני נתקל באי-בהירות לגבי עתידי ומרגיש שאין לי שליטה על הכיוונים האפשריים שעליי לבחור בהם.,Fear
אני מרגיש פחד כשאני פוגש בסיטואציות שבהן אני מרגיש חסר אונים ולא מצליח למצוא פתרון לבעיות שמטרידות אותי.,Fear
אני מרגיש פחד כאשר אני עוסק במשימות שדורשות ממני להתמודד עם קונפליקטים פנימיים שמעמיקים את תחושת החרדה שלי.,Fear
אני מרגיש פחד כשאני מוצא את עצמי ללא תכנית ברורה להתמודד עם מצבים חדשים ומאתגרים שדורשים ממני פתרונות יצירתיים.,Fear
"אני מרגיש פחד כשאני רואה את השפעת הכישלונות שלי על הסובבים אותי, ומבין את המשמעות השלילית שיכולה להיות להם.",Fear
"אני מרגיש פחד כשאני נתקל במצבים של חוסר יציבות נפשית או רגשית, שמפריעים לי להתמודד עם אתגרים בצורה רגילה.",Fear
אני מרגיש פחד כשאני נאלץ להתמודד עם אירועים בלתי צפויים או שינויי חיים משמעותיים שמערערים את תחושת הביטחון שלי.,Fear
"אני מרגיש פחד כשאני פוגש באתגרים בריאותיים שמעמידים אותי במצבים חדשים ולא נודעים, ומקשים עליי להתמודד.",Fear
אני מרגיש פחד כשאני מתמודד עם שינויים בתוכניות האישיות שלי שגורמים לי לחשוש מהתוצאות ומההשפעה על חיי היומיום.,Fear
אני מרגיש פחד כשאני שוקל את האפשרות של כישלון במערכות יחסים חשובות ומבין את הכאב שיכול לנבוע מכישלון כזה.,Fear
"אני מרגיש עצוב כשאני חושב על כל השנים שעברו, על כל מה שחלמתי ולא התגשם, וכיצד הם השפיעו על חיי.",Sadness
"אני מרגיש עצוב כשאני רואה את החיוכים של אחרים, מבין שאני לא יכול לחלוק איתם את השמחה שלהם בשל כל הקשיים והכאב שאני עובר.",Sadness
אני מרגיש עצוב כאשר אני נתקל בזיכרונות של רגעים טובים מהעבר ומבין שכל מה שנשאר מהם הם רק תמונות ודימויים שמזכירים לי את האובדן והבדידות שאני חווה.,Sadness
"אני מרגיש עצוב כשאני מתבונן בתמונות ישנות של משפחה וחברים ומבין כמה כל אחד מהם חסר לי בחיי כיום, ואת הכאב שבא עם פרידות והפסדים.",Sadness
אני מרגיש עצוב כשאני מבין שהחלומות שלי נשארים לא מושגים ושכל מאמץ שאני עושה להגיע אליהם נדמה כחסר תועלת ומעמיק את תחושת התסכול שלי.,Sadness
"אני מרגיש עצוב כאשר אני פוגש אנשים שהתבררו לי ככוזבים ומזויפים, ותוך כדי אני נזכר בכל התקוות שהיו לי לגבי מערכת היחסים שלנו וההשקעה שנעשית לשווא.",Sadness
"אני מרגיש עצוב כשאני נתקל באנשים שמזכירים לי את העבר שלי ואת הכאבים שהשארתי מאחור, למרות שניסיתי להניחם ולבנות חיים חדשים.",Sadness
"אני מרגיש עצוב כשאני מתמודד עם מצבים שבהם אני לא מצליח לספק את התמיכה והעזרה שחשבתי שאני יכול להעניק לאחרים, וכתוצאה מכך מרגיש שאני נכשל במילוי התפקיד שלי.",Sadness
"אני מרגיש עצוב כשאני פוגש בתסכולים ובקשיים יומיומיים שמזכירים לי את כל הדברים שלא יצא לי לעשות כפי שציפיתי, ואת התחושות השליליות שמלווים את כל חוויותיי.",Sadness
"אני מרגיש עצוב כשאני מנסה למצוא נחמה בתמונות ובזיכרונות מהעבר, אך מבין שכל מה שנותר מהם הם רק מנות קטנות של אושר שלעולם לא יחזרו.",Sadness
"אני מרגיש עצוב כשאני מתעורר בבוקר ומגלה שיום נוסף מתחיל באותו מצב של חוסר שינוי, וזה מונע ממני לראות אור בקצה המנהרה.",Sadness
"אני מרגיש עצוב כשאני מנסה לשתף אחרים בכאב שלי, אך מוצא את עצמי לבד וללא הבנה אמיתית מצד הסובבים אותי.",Sadness
"אני מרגיש עצוב כשאני נזכר במערכת יחסים שהייתה לי בעבר, שנראה שהייתה מלאה באהבה אך הסתיימה בכאב עמוק.",Sadness
"אני מרגיש עצוב כשאני רואה אנשים אחרים מצליחים במה שאני נכשלתי בו, ומבין כמה אני עדיין רחוק מהשגת היעדים שלי.",Sadness
אני מרגיש עצוב כאשר אני מבין שהכישלונות שלי חוזרים על עצמם ואיני מצליח למצוא דרך לשנות את המצב או לשפר אותו.,Sadness
אני מרגיש עצוב כשאני שומע על כל ההזדמנויות שאיבדתי בגלל חוסר ביטחון עצמי או פחדים שלא הצלחתי להתגבר עליהם.,Sadness
אני מרגיש עצוב כשאני שוקל את הדרך שעשיתי עד כה ומבין שכל הציפיות שלי לא התממשו כפי שחלמתי.,Sadness
אני מרגיש עצוב כשאני נתקל בחסמים ובקשיים בעבודה שאני מרגיש שאינם ניתנים להתגברות ואני מרגיש תקוע.,Sadness
אני מרגיש עצוב כשאני מנסה להתקדם בחיים אך כל ניסיון שלי להצליח נראה חסר משמעות ואינו מביא לתוצאות הרצויות.,Sadness
אני מרגיש עצוב כשאני פוגש אנשים חדשים ומגלה שהם נראים קרובים למישהו אחר שאני איבדתי ולא מצליח למלא את החלל שהותירו.,Sadness
אני מרגיש עצוב כאשר אני רואה את המצב הכלכלי שלי מדרדר ואני מרגיש שאין לי כוח לשנות את המצב לטובה.,Sadness
אני מרגיש עצוב כשאני רואה את ההשפעה השלילית של החלטות שלי על חיי הסובבים אותי ומבין את הכאב שאני גורם להם.,Sadness
"אני מרגיש עצוב כשאני עוסק בפרויקטים יצירתיים שמלאים במשמעות, אך חווה חוסר הצלחה שמשפיע על האמון שלי בעצמי.",Sadness
אני מרגיש עצוב כאשר אני מתמודד עם געגועים לאנשים שהיו חלק בלתי נפרד מחיי ועכשיו אני מרגיש בודד ומנותק.,Sadness
אני מרגיש עצוב כשאני פוגש בתקלות רבות בתוכניות שלי ומבין שכל מה שעשיתי לא הביא לתוצאה שהייתי מצפה לה.,Sadness
אני מרגיש עצוב כשאני מביט במציאות הנוכחית ומבין שהחלומות שלי אינם מתגשמים כפי שציפיתי ושאני נשאר מאחור.,Sadness
אני מרגיש עצוב כשאני רואה את התוצאות הממשיות של החלטות שגויות שעשיתי ומבין שהן יצרו נזקים בלתי הפיכים.,Sadness
אני מרגיש עצוב כאשר אני נתקל בכישלונות חוזרים ונשנים ומבין שאולי אני לא מצליח לעמוד בציפיות שלי ושל אחרים ממני.,Sadness
"אני מרגיש עצוב כשאני חווה תחושת בדידות עמוקה למרות שנראה שאני מוקף באנשים, והכאב של חוסר הקשר האמיתי מעמיק.",Sadness
אני מרגיש עצוב כשאני מבין שאי אפשר לשנות את העבר ואת ההשפעה השלילית שהייתה לו על חיי והתנהלותי.,Sadness
אני מרגיש עצוב כשאני מנסה למצוא משמעות בעשייה שלי ומגלה שההישגים שלי אינם משמחים אותי כפי שציפיתי.,Sadness
אני מרגיש עצוב כשאני רואה את ההתמודדות הקשה שלי עם כל קושי ותחושת חוסר היכולת להתמודד עם אתגרים בצורה טובה.,Sadness
"אני מרגיש עצוב כשאני מנסה לשכוח ולשחרר את העבר, אך כל ניסיון כזה רק מחזיר אותי למקומות הכאב שהייתי מנסה להימנע מהם.",Sadness
"אני מרגיש עצוב כשאני עוסק בתחביבים שלי ומגלה שאני לא מצליח להשיג את התוצאה שאני מצפה לה, ושכל מאמץ שלי נשאר לא מספק.",Sadness
"אני מרגיש עצוב כשאני פוגש אנשים ששואלים אותי איך אני מרגיש, ואני מוצא את עצמי מתקשה לתאר את הכאב הפנימי שלי.",Sadness
"אני מרגיש עצוב כשאני נתקל במצבים שבהם אני מרגיש שאני נמשך אחורה במקום להתקדם קדימה, והתקווה שלי דועכת.",Sadness
"אני מרגיש עצוב כשאני מנסה לשתף את הרגשות שלי עם אחרים, אך מרגיש שאין להם את היכולת או הרצון להבין אותי באמת.",Sadness
אני מרגיש עצוב כשאני רואה את ההתדרדרות במצבי הבריאותי ואיני מצליח למצוא דרך לשפר את המצב או להתמודד עם הכאב.,Sadness
אני מרגיש עצוב כשאני מבין שהמאמצים שלי כדי לשפר את איכות חיי לא מביאים לשינויים משמעותיים ואני נשאר באותו מקום.,Sadness
אני מרגיש עצוב כשאני פוגש באנשים שמזכירים לי את הכאב שלי ומביאים אותי למצב של חזרה על רגשות תסכול מהעבר.,Sadness
"אני מרגיש עצוב כשאני מנסה לתקן טעויות מהעבר, אך כל ניסיון כזה רק מבהיר לי עד כמה קשה יהיה לשנות את מה שכבר קרה.",Sadness
אני מרגיש עצוב כשאני מתמודד עם תחושת חוסר אונים מוחלטת ומבין שאין לי את הכוח לשנות את המצב שלי או לשפר אותו.,Sadness
אני מרגיש עצוב כשאני מתבונן על החיים שלי ומבין שאני לא מצליח לממש את הפוטנציאל שלי כפי שחלמתי לעשות.,Sadness
אני מרגיש עצוב כשאני פוגש את הקשיים והאתגרים ביום-יום שלי ומבין שאני נתקע במעגל של תסכול ללא פתרון ברור.,Sadness
אני מרגיש עצוב כשאני רואה את העבר שלי מונח על פני השטח ומבין כמה קשה לשחרר את הדברים שעדיין משפיעים על חיי.,Sadness
אני מרגיש עצוב כשאני שוקל את כל מה שהייתי רוצה להשיג ומבין עד כמה קשה יהיה להגיע לשם עם כל הקשיים והאכזבות שבדרך.,Sadness
אני מרגיש כעס כאשר מישהו פוגע בכבוד שלי ומזלזל בי מול אחרים,Anger
אני מרגיש כעס כשאני רואה שמישהו לא עומד בהבטחותיו ופוגע בי שוב ושוב,Anger
אני מרגיש כעס כשאני נתקל באי צדק ברור שמזיק לי ולסובבים אותי,Anger
אני מרגיש כעס כאשר אני נאלץ להתמודד עם חוסר מקצועיות בעבודה שמזיקה לי,Anger
אני מרגיש כעס כשאני רואה אנשים שמזלזלים במאמץ שלי ומפחיתים מערך העבודה שלי,Anger
אני מרגיש כעס כשאני חווה תחושת תסכול מכשלון חוזר בפעולות שאני מנסה לבצע,Anger
אני מרגיש כעס כאשר אני נתקל בהתנהגות חסרת התחשבות מצד אחרים כלפי,Anger
אני מרגיש כעס כשאני רואה אנשים מקבלים יחס מועדף על פני אחרים בצורה לא הוגנת,Anger
אני מרגיש כעס כשאני נתקל באי אמון שגורם לי להרגיש מנוצל ולא מובן,Anger
אני מרגיש כעס כאשר אני נתקל בתקלות טכניות שמזיקות לי ומבזבזות את זמני,Anger
אני מרגיש כעס כשאני שומע על פעולות שמזיקות לסביבה ולתושבים וגורמות נזק,Anger
אני מרגיש כעס כאשר אני נדרש להתמודד עם החלטות רעות שנעשו על ידי אחרים ללא התייעצות,Anger
אני מרגיש כעס כשאני חווה אכזבה ממישהו שאני סומך עליו והוא לא עומד בציפיות שלי,Anger
אני מרגיש כעס כשאני רואה התנהגות רשלנית שמובילה לתוצאות הרסניות,Anger
אני מרגיש כעס כשאני נתקל באנשים שמפרים את הכללים ומזיקים לסביבה שלי,Anger
אני מרגיש כעס כאשר אני נתקל בעיכובים או כשלים שלא נגרמו באשמתם,Anger
אני מרגיש כעס כשאני נתקל בהתנהגות לא הולמת של מישהו שפוגע בי באופן אישי,Anger
אני מרגיש כעס כשאני רואה חוסר סבלנות כלפי אחרים ומרגיש שזה לא הוגן,Anger
אני מרגיש כעס כשאני נתקל בהתנהלות לא תקינה שמביאה לתוצאות שליליות,Anger
אני מרגיש כעס כשאני נתקל בעיכובים מיותרים ובחוסר מקצועיות שמזיקים לי,Anger
אני מרגיש כעס כשאני רואה שינויים פתאומיים ומזיקים בתנאים שהיו צריכים להיות יציבים,Anger
אני מרגיש כעס כשאני נתקל באנשים שפוגעים בי בצורה ישירה או עקיפה,Anger
אני מרגיש כעס כאשר אני נתקל בסיטואציות שמביאות לי תחושת אכזבה וחוסר צדק,Anger
אני מרגיש כעס כשאני רואה אנשים שמזיקים למערכת העבודה שלי בצורה לא הוגנת,Anger
אני מרגיש כעס כשאני נתקל בהתנהגות בלתי מקצועית שמשפיעה על התוצאות שלי,Anger
אני מרגיש כעס כשאני נתקל באנשים שמפרים את ההסכמות שלנו בצורה לא הוגנת,Anger
אני מרגיש כעס כשאני רואה התנהלות שמזיקה לי ולסובבים אותי בצורה ברורה,Anger
אני מרגיש כעס כשאני חווה אכזבה ממישהו שאני סומך עליו והוא לא עומד בציפיות,Anger
אני מרגיש כעס כשאני נתקל בתקלות חוזרות שלא נפתרות ומזיקות לי,Anger
אני מרגיש כעס כשאני רואה אנשים שמזיקים למאמצים שלי בצורה לא הוגנת,Anger
אני מרגיש כעס כשאני חווה תחושת תסכול מהתנהלות רשלנית ואי צדק,Anger
אני מרגיש כעס כאשר אני נתקל בתקלות בלתי צפויות שמובילות לתוצאות רעות,Anger
אני מרגיש כעס כשאני רואה אנשים שמזלזלים בכבוד שלי ומבזים אותי,Anger
אני מרגיש כעס כשאני נתקל באי הבנות שנגרמות על ידי אנשים שאינם מקפידים על איכות העבודה,Anger
אני מרגיש כעס כשאני רואה התנהלות שאינה הוגנת ומזיקה לי בצורה ישירה,Anger
אני מרגיש כעס כשאני חווה אכזבה ממישהו שמפר את הבטחותיו ומזיק לי,Anger
אני מרגיש כעס כשאני נתקל בהתנהלות רשלנית שמשפיעה על התוצאות שלי ומביאה לתחושת תסכול,Anger
אני מרגיש כעס כשאני רואה אנשים שלא מתחשבים במאמצים שלי ועושים אכזבה,Anger
אני מרגיש כעס כשאני חווה תחושת אכזבה ממישהו שידעתי שהוא אמין ולא עומד בציפיות,Anger
אני מרגיש הפתעה עצומה כשאני מקבל מתנה שאפילו לא חשבתי עליה,Surprise
אני מרגיש הפתעה כשאני מגלה שמישהו ארגן לי מסיבת הפתעה לחגיגת יום ההולדת,Surprise
אני מרגיש הפתעה כשאני פוגש במקרה חבר ישן אחרי שנים רבות,Surprise
אני מרגיש הפתעה כשאני מוצא מידע חדש שמערער את כל מה שידעתי עד כה,Surprise
אני מרגיש הפתעה כשאני מגלה שהציון שלי במבחן היה הרבה יותר גבוה ממה שציפיתי,Surprise
אני מרגיש הפתעה כשאני מקבל פידבק חיובי מלקוח שאני לא ציפיתי לקבל ממנו תגובה,Surprise
אני מרגיש הפתעה כשאני רואה ביצוע יוצא דופן שאותם לא ציפיתי לראות,Surprise
אני מרגיש הפתעה כשאני מקבל שיחת טלפון מישהו שהייתי בטוח שכבר לא זוכר אותי,Surprise
אני מרגיש הפתעה כשאני נתקל בתגלית מדעית שמפתיעה אותי עם חדשנות מרהיבה,Surprise
אני מרגיש הפתעה כשאני פוגש את עצמי משתקף בתמונה ישנה שאני כמעט שכחתי ממנה,Surprise
אני מרגיש הפתעה כשאני מגלה שמישהו שאני מעריך מאוד עשה משהו מרגש ובלתי צפוי,Surprise
אני מרגיש הפתעה כשאני מקבל הודעה ממקום עבודה חדש לאחר תקופה ארוכה של המתנה,Surprise
אני מרגיש הפתעה כשאני פותח ספר ישן ומוצא בו מסר אישי שכתבו לי,Surprise
אני מרגיש הפתעה כשאני מגלה שהאירוע שלי עבר בלא תקלות והשקעה רבה,Surprise
אני מרגיש הפתעה כשאני מוצא דברי ערך שהיו חסרים לי במשך זמן רב,Surprise
אני מרגיש הפתעה כשאני שומע סיפור שמזעזע אותי ומאתגר את כל מה שחשבתי שהוא נכון,Surprise
אני מרגיש הפתעה כשאני מוצא פתרון לבעיה קשה בשיטה בלתי צפויה,Surprise
אני מרגיש הפתעה כשאני פוגש אדם שמכיל איכויות שמרשים אותי בצורה בלתי צפויה,Surprise
אני מרגיש הפתעה כשאני מקבל הודעה משמחת באמצע יום שגרתי,Surprise
אני מרגיש הפתעה כשאני נתקל בתופעה טבעית שמעוררת בי רגש של התפעלות,Surprise
אני מרגיש הפתעה כשאני מגלה פרטים חדשים על מישהו שאני מכיר היטב,Surprise
אני מרגיש הפתעה כשאני נתקל בתופעה מדעית שאותם לא ציפיתי לראות,Surprise
אני מרגיש הפתעה כשאני רואה את ההצלחה של פרויקט שלא האמנתי שהוא יכול להצליח,Surprise
אני מרגיש הפתעה כשאני מגלה שקיבלתי אישור למשהו שאני חשבתי שלעולם לא יקרה,Surprise
אני מרגיש הפתעה כשאני נתקל בהצלחה של פרויקט שהייתי בטוח שאינו יצליח,Surprise
אני מרגיש הפתעה כשאני שומע על הישגים של אנשים שאני לא ציפיתי מהם,Surprise
אני מרגיש הפתעה כשאני מגלה שהסיפור ששמעתי מהעבר היה שונה ממה שחשבתי,Surprise
אני מרגיש הפתעה כשאני רואה התפתחות בלתי צפויה בתחום שאני עוקב אחריו,Surprise
אני מרגיש הפתעה כשאני מגלה חפץ ישן שמכיל ערך סנטימנטלי גבוה,Surprise
אני מרגיש הפתעה כשאני מקבל תוצאות טובות מאימון שלא ציפיתי לתוצאות כאלה,Surprise
אני מרגיש הפתעה כשאני שומע על התפתחות בלתי צפויה בתחום שאני עוסק בו,Surprise
אני מרגיש הפתעה כשאני מוצא פתרון לבעיה מסובכת בתהליך שלא ציפיתי לו,Surprise
אני מרגיש הפתעה כשאני פוגש אדם עם סיפור חיים שמרתק אותי לחלוטין,Surprise
אני מרגיש הפתעה כשאני מגלה שפתרון לבעיה היה פשוט יותר ממה שחשבתי,Surprise
אני מרגיש הפתעה כשאני מקבל תוצאה מפתיעה ממבחן שנראה לי קשה,Surprise
אני מרגיש הפתעה כשאני רואה הופעה חיה של אמנים שאני מעריץ ומופתע מהיכולת שלהם,Surprise
אני מרגיש הפתעה כשאני פוגש במקרה את עצמי ברקע של תמונה ישנה,Surprise
אני מרגיש הפתעה כשאני רואה את התוצאה הסופית של פרויקט שאני עמלתי עליו זמן רב,Surprise
אני מרגיש הפתעה כשאני פוגש בחלום אדם שלא ראיתי הרבה זמן ומופתע מהפגישה,Surprise
אני מרגיש גועל כשאני רואה אוכל מקולקל שנראה מגעיל ומסריח,Disgust
אני מרגיש גועל כשאני נתקל בזבל ובאבק שהצטבר לאורך זמן במקומות שאני שונא לנקות,Disgust
אני מרגיש גועל כשאני רואה תופעות של מחלות עור שמזעזעות אותי,Disgust
אני מרגיש גועל כשאני חושב על דברים מגעילים שמבזבזים את זמני ומפריעים לי,Disgust
אני מרגיש גועל כשאני מוצא פריטים מלוכלכים במטבח שלי ואני מרגיש צורך לנקות מיד,Disgust
אני מרגיש גועל כשאני רואה סרטונים של דברים לא נקיים שמכעיסים אותי,Disgust
אני מרגיש גועל כשאני נתקל בפסולת רפואית או חפצים שאותם אני לא יכול להשליך בקלות,Disgust
אני מרגיש גועל כשאני רואה דברים שנראים כמו תקלות מזוהמות ולא נעים לי לראותם,Disgust
אני מרגיש גועל כשאני מוצא ריח לא נעים וחריג שמציף אותי בתחושת אי נוחות,Disgust
אני מרגיש גועל כשאני שומע על אנשים שמתנהגים בצורה לא מנומסת ומגעילה,Disgust
אני מרגיש גועל כשאני נתקל במזון שנראה כאילו הוא עבר הרבה זמן ללא שימוש,Disgust
אני מרגיש גועל כשאני רואה חיות שהן מגעילות וללא טיפול נכון,Disgust
אני מרגיש גועל כשאני נתקל בנזילות או ריחות לא נעימים מהמערכת הביובית,Disgust
אני מרגיש גועל כשאני רואה פסולת רפואית או חפצים שבורים ומלוכלכים,Disgust
אני מרגיש גועל כשאני שומע על פעולות שמזוהמות ומפריעות לי,Disgust
אני מרגיש גועל כשאני נתקל בדברים מגעילים שמזעזעים אותי וגורמים לי לרצות להתרחק,Disgust
אני מרגיש גועל כשאני רואה דברים שנראים מלוכלכים ושאינם היגייניים,Disgust
אני מרגיש גועל כשאני חושב על מקומות לא נקיים שמזכירים לי דברים רעים,Disgust
אני מרגיש גועל כשאני רואה חפצים שמגעילים אותי ומזעזעים אותי מהתחושה,Disgust
אני מרגיש גועל כשאני שומע על תופעות בריאותיות בלתי נעימות שמגרות אותי,Disgust
אני מרגיש גועל כשאני נתקל במזון שאינו טרי ומכיל מרכיבים לא בריאים,Disgust
אני מרגיש גועל כשאני רואה סביבות ציבוריות שלא מטופלות כראוי ומלאות בלכלוך,Disgust
אני מרגיש גועל כשאני נתקל בפריטים שאינם נקיים ומשאירים רושם רע,Disgust
אני מרגיש גועל כשאני רואה חיות בר שלא מטופלות כראוי ומראות סימני זיהום,Disgust
אני מרגיש גועל כשאני שומע על התנהגויות מזוהמות שמגעילות אותי ומסבות לי אי נוחות,Disgust
אני מרגיש גועל כשאני נתקל בדברים שמזעזעים אותי וגורמים לי לרצות להתרחק מהם,Disgust
אני מרגיש גועל כשאני רואה דברי מאכל שלא מטופלים נכון ומזיקים לבריאות,Disgust
אני מרגיש גועל כשאני נתקל במוצרים שמגעילים אותי ומריחים רע,Disgust
אני מרגיש גועל כשאני רואה חפצים שנראה שהם לא נקיים ולא מתוחזקים כראוי,Disgust
אני מרגיש גועל כשאני שומע על דברים שמגעילים את החושים שלי ומזעזעים אותי,Disgust
אני מרגיש גועל כשאני רואה מזון שנראה לא בריא ולא נקי לשימוש,Disgust
אני מרגיש גועל כשאני רואה חיות בר שאינן מתוחזקות כראוי ומצויות במצב גרוע,Disgust
אני מרגיש גועל כשאני חושב על דברים שהיו בעבר ולא נעשו בהם שימוש היגייני,Disgust
אני מרגיש גועל כשאני נתקל בחפצים או במוצרים שמזעזעים אותי מהמראה שלהם,Disgust
אני מרגיש גועל כשאני שומע על תופעות בריאותיות שמגיעות מתוך חוויות בלתי נעימות,Disgust
אני מרגיש גועל כשאני רואה דברים במצב גרוע שמזעזעים את החושים שלי,Disgust
אני מרגיש עצב עמוק כשאני חושב על אובדן יקיריי ואיך שזה משפיע על חיי היומיום שלי,Sadness
אני מרגיש עצב כשאני זוכר את התקופות הקשות שחוויתי וכיצד הן השפיעו עלי,Sadness
אני מרגיש עצב כשאני רואה אחרים סובלים וללא יכולת לעזור להם,Sadness
אני מרגיש עצב כשאני מתגעגע למישהו שאני אוהב ולא נמצא כאן איתי,Sadness
אני מרגיש עצב כשאני חושב על פרידות מהעבר וכיצד הן השאירו אותי לבד,Sadness
אני מרגיש עצב כשאני נתקל בקשיים אישיים שלא מצליח למצוא להם פתרון,Sadness
אני מרגיש עצב כשאני לא מצליח להשיג את המטרות שלי ומרגיש שאני לא מתקדם,Sadness
אני מרגיש עצב כשאני לבד ואין לי עם מי לשוחח ולהתייעץ,Sadness
אני מרגיש עצב כשאני רואה אנשים עוזבים את חיי ומרגיש את תחושת האובדן,Sadness
אני מרגיש עצב כשאני מתמודד עם חוויות רעות שמזכירות לי את הכאב מהעבר,Sadness
אני מרגיש עצב כשאני זוכר תקופות פחות טובות ומשקלן עליי,Sadness
אני מרגיש עצב כשאני מרגיש שאין לי תמיכה מאנשים הקרובים אלי,Sadness
אני מרגיש עצב כשאני נתקל באכזבות חוזרות ולא מצליח להתגבר עליהן,Sadness
אני מרגיש עצב כשאני לא מצליח למצוא פתרון לבעיות שמטרידות אותי,Sadness
אני מרגיש עצב כשאני רואה אנשים סובלים ממחלות ומרגיש חוסר אונים,Sadness
אני מרגיש עצב כשאני מתמודד עם פרידות חדשות ומרגיש שאני לא מצליח להתאושש,Sadness
אני מרגיש עצב כשאני מרגיש בודד ומנותק מהסובבים אותי,Sadness
אני מרגיש עצב כשאני חווה אכזבות אישיות שמפילות אותי למטה,Sadness
אני מרגיש עצב כשאני זקוק לעזרה ואין לי את התמיכה הנדרשת,Sadness
אני מרגיש עצב כשאני לא מצליח להשיג את היעדים שלי ומרגיש חסר ערך,Sadness
אני מרגיש עצב כשאני רואה את כאבם של אחרים ומרגיש שאיני יכול לעזור,Sadness
אני מרגיש עצב כשאני מרגיש שהתקווה פוחתת ומרגיש שאיני מצליח להתקדם,Sadness
אני מרגיש עצב כשאני רואה את המשפחה שלי סובלת ונאבקת בקשיים,Sadness
אני מרגיש עצב כשאני לא מצליח לעזור למישהו שזקוק לי ומרגיש אכזבה מעצמי,Sadness
אני מרגיש עצב כשאני חווה את תחושת ההפסד בעקבות אובדן משמעותי,Sadness
אני מרגיש עצב כשאני מתמודד עם שינויים קשים ומרגיש שאין לי שליטה עליהם,Sadness
אני מרגיש עצב כשאני מרגיש שאף אחד לא מבין אותי ומרגיש לבד בעולם,Sadness
אני מרגיש עצב כשאני זוכר תקופות קשות ומרגיש כיצד הכאב מחלחל לי לתוך הלב,Sadness
אני מרגיש עצב כשאני לא מצליח למצוא מנוחה נפשית ואני מרגיש מותש,Sadness
אני מרגיש עצב כשאני רואה את התדרדרות מצב בריאותי שמפחידה אותי,Sadness
אני מרגיש עצב כשאני מרגיש שהתקווה שלי הולכת ונעלמת עם הזמן,Sadness
אני מרגיש עצב כשאני נתקל בכישלונות חוזרים ומרגיש שהמאמצים שלי נופלים לטמיון,Sadness
אני מרגיש עצב כשאני רואה את השפעת האובדן על חיי ומרגיש את הכאב בעמקי הלב,Sadness
אני מרגיש עצב כשאני חווה אכזבות אישיות ומרגיש שאני לא מצליח להתגבר עליהן,Sadness
אני מרגיש עצב כשאני לא מצליח למצוא פתרון לבעיות שמטרידות אותי ומרגיש חוסר אונים,Sadness
אני מרגיש עצב כשאני מרגיש שמישהו שאני אוהב לא בסביבה כדי לתמוך בי,Sadness
אני מרגיש עצב כשאני מרגיש לבד בעולם ואני מחפש נחמה במקומות שאין בהם,Sadness
אני מרגיש עצב כשאני מרגיש שאין לי מקום או משמעות בחיי,Sadness
אני מרגיש שמחה רבה כאשר אני מצליח להשלים פרויקט חשוב שהשקעתי בו זמן ומאמץ רב,Joy
אני מרגיש אושר כשאני רואה את החיוך של ילדתי כשהיא פותחת את המתנה שאני קניתי לה,Joy
אני מרגיש שמחה כשאני מבלה זמן איכות עם חברים יקרים ומבלים ביחד חוויות מרגשות,Joy
אני מרגיש אושר כשאני מצליח ללמוד נושא חדש בעבודה ולהבין אותו בצורה מעמיקה,Joy
אני מרגיש שמחה כשאני חוגג עם המשפחה שלי את ההישגים האישיים שלי,Joy
אני מרגיש אושר כשאני מקבל משוב חיובי מלקוח שמעריך את העבודה שלי,Joy
אני מרגיש שמחה כשאני שומע מוזיקה שאני אוהב ומתחיל לרקוד עם הקצב,Joy
אני מרגיש אושר כאשר אני מצליח לסיים פרויקט מורכב בזמן וללא תקלות,Joy
אני מרגיש שמחה כשאני חוגג יומולדת עם חברים קרובים ומקבל מתנות מרגשות,Joy
אני מרגיש אושר כשאני מבצע פעילויות שאותן אני מאוד אוהב ומרגיש סיפוק מהם,Joy
אני מרגיש שמחה כשאני עורך מסיבה עם חברים וכולם נהנים מהאירוע,Joy
אני מרגיש אושר כאשר אני רואה את המשפחה שלי שמחה ומאושרת,Joy
אני מרגיש שמחה כשאני מבלה זמן בטבע ומשתחרר מהלחצים של החיים,Joy
אני מרגיש אושר כשאני מקבל פידבק חיובי ממנהל העבודה שלי על פרויקט שביצעתי,Joy
אני מרגיש שמחה כשאני מצליח לגלות תחביבים חדשים ומגלה שאני טוב בהם,Joy
אני מרגיש אושר כשאני עוסק בפעילויות ספורטיביות שאני נהנה מהן מאוד,Joy
אני מרגיש שמחה כשאני מקבל תמיכה מהסובבים אותי בעת הצורך,Joy
אני מרגיש אושר כשאני משתתף בפסטיבל מוזיקה ומבלה עם חברים,Joy
אני מרגיש שמחה כאשר אני חוגג את הצלחותי הקטנות והגדולות יחד עם המשפחה שלי,Joy
אני מרגיש אושר כשאני מצליח לפתח מיומנויות חדשות ולהשתפר במה שאני עושה,Joy
אני מרגיש שמחה כשאני מקבל מתנות מפתיעות מיקרים לי,Joy
אני מרגיש אושר כשאני מצליח להוביל פרויקט חשוב להצלחה ומקבל הכרה על כך,Joy
אני מרגיש שמחה כשאני משתתף באירועים משפחתיים וחוגג יחד עם קרוביי,Joy
אני מרגיש אושר כאשר אני רואה את החיוך של יקיריי כשהם מקבלים חדשות טובות,Joy
אני מרגיש שמחה כשאני מצליח לעזור למישהו ולהביא לו אושר,Joy
אני מרגיש אושר כשאני לומד משהו חדש ומרגיש שהתפתחתי בו,Joy
אני מרגיש שמחה כשאני מצליח להגיע ליעדים שהצבתי לעצמי ולהשיג את מטרותיי,Joy
אני מרגיש אושר כאשר אני מבלה עם אהובי בחופשה חלומית,Joy
אני מרגיש שמחה כשאני מוצא זמן לבלות עם חברים ולחוות חוויות משותפות,Joy
אני מרגיש אושר כשאני מצליח לשמור על איזון בין עבודה לחיים אישיים,Joy
אני מרגיש שמחה כשאני משתתף בפעילויות יצירתיות שמביאות לי הנאה רבה,Joy
אני מרגיש אושר כשאני רואה את התקדמותי האישית והשגת מטרות חשובות,Joy
אני מרגיש שמחה כשאני מצליח לשפר את כישוריי ולהתפתח בתחומי עניין חדשים,Joy
אני מרגיש אושר כשאני חוגג את ההישגים שלי יחד עם חברים קרובים,Joy
אני מרגיש שמחה כשאני רואה את הסיפוק בעיניים של האנשים שאני עוזר להם,Joy
אני מרגיש אושר כשאני מצליח לפתח קשרים חדשים ולהרחיב את מעגל החברים שלי,Joy
אני מרגיש שמחה כשאני עורך ארוחות חגיגיות עם המשפחה ומרגיש את האהבה והחום,Joy
אני מרגיש פחד עז כשהמקום שאני נמצא בו פתאום משתנה ואני לא יודע מה מצפה לי,Fear
אני מרגיש חרדה כאשר אני נכנס למצב שאני לא שולט בו וצריך לקבל החלטות מהירות,Fear
אני מרגיש פחד כל פעם שאני רואה משהו בלתי צפוי שמזכיר לי חוויות מפחידות מהעבר,Fear
אני מרגיש חוסר ביטחון כשאני לבד בחדר חשוך ולא מצליח לראות מה קורה סביבי,Fear
אני מרגיש פחד ממה שאולי יקרה בעתיד כשאני חושב על כל האפשרויות הרעות,Fear
אני מרגיש פחד כאשר אני שומע רעשים בלתי מוסברים באמצע הלילה,Fear
אני מרגיש חרדה כשאני נדרש להופיע בפני קהל גדול ולדבר על נושא שאני לא בטוח בו,Fear
אני מרגיש פחד מהתמודדות עם שינויים דרמטיים בחיי שבאים בלי שום התראה מוקדמת,Fear
אני מרגיש חוסר נוחות כשהמצב מסביבי מתהפך ואני מרגיש שאני לא מצליח לעקוב אחרי מה שקורה,Fear
אני מרגיש פחד מהמחשבה על תרחישים של כישלון גדול שמגיע בלי שאני יכול למנוע אותו,Fear
אני מרגיש פחד מהתגובות השליליות של אנשים שאני לא מכיר וממה שיכולים לחשוב עלי,Fear
אני מרגיש חרדה מהרעיון של לעבור למקום חדש ולחיות בסביבה שאני לא מכיר,Fear
אני מרגיש פחד מהתמודדות עם בעיות בריאותיות שאינן ידועות לי או לא צפויות,Fear
אני מרגיש פחד מהתחייבויות חדשות שאני לא בטוח אם אני יכול לעמוד בהן,Fear
אני מרגיש חרדה מהעבודה על פרויקטים חשובים שאני לא מרגיש בטוח בהם,Fear
אני מרגיש פחד כשאני נתקל במצבים שאינם בשליטתי ואין לי דרך להימנע מהם,Fear
אני מרגיש פחד מהשפעות רעות של החלטות שגויות שאני עשוי לקבל,Fear
אני מרגיש חוסר ביטחון כאשר אני מבצע פעולות שאני לא רגיל לעשות,Fear
אני מרגיש פחד מהשלכות של טעויות שאני עשוי לעשות בעתיד,Fear
אני מרגיש פחד מהתמודדות עם אנשים שאני לא מכיר ושהם עשויים להיות מסוכנים,Fear
אני מרגיש חרדה מהרעיון של לבצע דברים חדשים ולצאת מאזור הנוחות שלי,Fear
אני מרגיש פחד מהתמודדות עם אתגרים גדולים שאין לי מספיק ניסיון להתמודד איתם,Fear
אני מרגיש פחד מהמחשבה על כישלון באירועים חשובים שמצפים ממני להצליח בהם,Fear
אני מרגיש חרדה מהרעיון של לעבור שינויים גדולים ומפתיעים בחיי,Fear
אני מרגיש פחד מהתחייבויות שאני לא בטוח שאני יכול לעמוד בהן,Fear
אני מרגיש פחד מהשפעות של החלטות שלי על אנשים אחרים,Fear
אני מרגיש חוסר נוחות מהמחשבה על תרחישים רעים שלא ניתן לחזותם מראש,Fear
אני מרגיש פחד מהתחייבויות שאני לא בטוח אם אני יכול לעמוד בהן,Fear
אני מרגיש פחד מהתמודדות עם אנשים שאני לא מכיר וממה שהם עלולים לעשות,Fear
אני מרגיש פחד מהרעיון של להיות לבד במצבים קשים ומאתגרים,Fear
אני מרגיש פחד מהשפעות רעות של החלטות שהתקבלו במהירות וללא מחשבה מעמיקה,Fear
אני מרגיש פחד מהמציאות המשתנה שאני לא מצליח להתכונן אליה,Fear
אני מרגיש פחד מהתמודדות עם בעיות שאני לא מצליח למצוא להן פתרון,Fear
אני מרגיש פחד מהתמודדות עם שינוי פתאומי במצב הכלכלי שלי,Fear
אני מרגיש פחד מהמחשבה על שינויים קשים שיכולים להתרחש בחיי,Fear
אני מרגיש פחד מההתמודדות עם דברים שאני לא בטוח איך להתמודד איתם,Fear
אני מרגיש פחד מהמחשבה על התמודדות עם אתגרים חדשים שאני לא מכיר,Fear
אני מרגיש פחד מהשפעות של החלטות עתידיות על חיי האישיים והמקצועיים,Fear
אני מרגיש פחד מהיכולת שלי להתמודד עם מצבים לא צפויים,Fear
אני מרגיש פחד מהשפעות של טעויות חמורות שאני עשוי לבצע,Fear
אני מרגיש שמחה כשאני מקבל מחמאה.,Joy
אתה מרגיש שמחה כשאתה שומע מוזיקה שמחה.,Joy
היא מרגישה שהלב שלה מתמלא באושר כשהיא רואה את החבר הכי טוב שלה.,Joy
אנחנו מרגישים אושר כשאנחנו מטיילים בטבע.,Joy
הם מרגישים שמחה כשהם רואים את הילדים משחקים בפארק.,Joy
אני מרגיש שהלב שלי מתמלא באור כשאני רואה את השמש זורחת.,Joy
היא מרגישה אושר כשהיא מקבלת מתנה בלתי צפויה.,Joy
אנחנו מרגישים שמחה כשאנחנו שומעים על הצלחה של חברים.,Joy
אתם מרגישים שהלב שלכם מתמלא בחום כשאתם מחבקים את הכלב שלכם.,Joy
הם מרגישים שמחה כשהם רואים את הפרחים פורחים.,Joy
אני לא מרגיש עצב כשאני מקבל הודעה משמחת.,Joy
אנחנו מרגישים אושר כשאנחנו מצליחים במשימה קשה.,Joy
אתה מרגיש שהלב שלך מתמלא ברגש כשאתה רואה את הים.,Joy
היא מרגישה שמחה כשהיא נמצאת עם החברים הכי טובים שלה.,Joy
הם מרגישים אושר כשהם רואים את החיוך של הילד שלהם.,Joy
אני מרגיש שהלב שלי מתמלא באור כשאני שומע שיר אהוב.,Joy
אנחנו לא מרגישים כעס כשאנחנו רואים סרט קומדיה.,Joy
אתה מרגיש אושר כשאתה נמצא בטיול עם המשפחה.,Joy
היא מרגישה שהלב שלה מתמלא ברגש כשאני רואה חיות בטבע.,Joy
הם מרגישים שמחה כשהם מקבלים בשורה משמחת.,Joy
אני מרגיש אושר כשאני רואה אנשים מחייכים סביבי.,Joy
אנחנו מרגישים שהלב שלנו מתמלא באור כשאנחנו שומעים על הצלחה אישית.,Joy
אתם מרגישים שמחה כשאתם מצליחים לעזור למישהו במצוקה.,Joy
היא מרגישה אושר כשהיא שומעת מוזיקה מרגיעה.,Joy
אני מרגיש שהלב שלי מתמלא ברגש כשאני רואה מישהו שמח.,Joy
אנחנו לא מרגישים עצב כשאנחנו נמצאים בחופשה נהדרת.,Joy
אתם מרגישים אושר כשאתם מקבלים מכתב מחבר רחוק.,Joy
הם מרגישים שהלב שלהם מתמלא באור כשאנחנו רואים את הירח בלילה.,Joy
אני מרגיש שמחה כשאני שומע על הצלחה בעבודה.,Joy
אנחנו מרגישים אושר כשאנחנו רואים את הגשם יורד בחוץ.,Joy
אתם מרגישים שהלב שלכם מתמלא ברגש כשאתם רואים ציור יפהפה.,Joy
היא מרגישה שמחה כשהיא מקבלת ברכה מחבר קרוב.,Joy
אני לא מרגיש כעס כשאני רואה את החיוך של אמא שלי.,Joy
אנחנו מרגישים שהלב שלנו מתמלא באור כשאנחנו שומעים על הצלחה של אחרים.,Joy
אתם מרגישים שמחה כשאתם נמצאים בטבע עם החברים.,Joy
הם מרגישים אושר כשהם רואים את הפרחים בשדה.,Joy
אני מרגיש שהלב שלי מתמלא ברגש כשאני רואה שקיעה יפהפה.,Joy
אנחנו לא מרגישים עצב כשאנחנו שומעים על חוויה מרגשת.,Joy
אתם מרגישים אושר כשאתם נמצאים בים עם המשפחה.,Joy
היא מרגישה שהלב שלה מתמלא באור כשאנחנו רואים אנשים שמחים.,Joy
אני מרגיש שמחה כשאני מקבל חיבוק מהחברים שלי.,Joy
אנחנו מרגישים אושר כשהם רואים את הפרפרים עפים בגן.,Joy
אתם מרגישים שהלב שלכם מתמלא ברגש כשאתם רואים את היופי בטבע.,Joy
היא לא מרגישה כעס כשהיא שומעת על הצלחה של חבר.,Joy
אני מרגיש אושר כשאני נמצא בחברת החברים הקרובים שלי.,Joy
אנחנו מרגישים שהלב שלנו מתמלא באור כשאנחנו רואים את הילדים צוחקים.,Joy
אתם מרגישים שמחה כשאתם מקבלים מתנה מיוחדת מאדם אהוב.,Joy
הם מרגישים אושר כשהם רואים את הכלב שלהם שמח ומקפץ.,Joy
אני מרגיש עצב כשאני נזכר בזיכרונות כואבים מהעבר.,Joy
אתה מרגיש עצב כשאתה רואה סרט עצוב בטלוויזיה.,Joy
הוא מרגיש שהלב שלו מתמלא בכבדות כשהוא חושב על דברים שאיבד.,Sadness
אנחנו מרגישים עצב כשאנחנו שומעים שיר עצוב ברדיו.,Sadness
הם מרגישים עצב כשהם רואים מישהו בוכה במרחב הציבורי.,Sadness
אני מרגיש שהלב שלי כואב כשאני חושב על העתיד הלא ברור.,Sadness
היא מרגישה עצב כשהיא נמצאת לבד בבית בלי חברים.,Sadness
אנחנו מרגישים עצב כשאנחנו רואים תמונה ישנה שמזכירה זיכרונות.,Sadness
אתם מרגישים שהלב שלכם מתמלא בכבדות כשאתם שומעים על חוסר צדק.,Sadness
הם מרגישים עצב כשהם חושבים על דברים שלא הצלחתי להשיג.,Sadness
אני מרגיש עצב כשאני רואה משהו עצוב בטלוויזיה.,Sadness
אנחנו מרגישים שהלב שלנו כואב כשאנחנו שומעים על מישהו שסובל.,Sadness
אתם מרגישים עצב כשאתם רואים חיה פצועה בכביש.,Sadness
הוא מרגיש עצב כשהוא חושב על דברים שהיו יכולים להיות שונים.,Sadness
אני לא מרגיש שמחה כשאני שומע על אסון טבעי.,Sadness
אנחנו מרגישים עצב כשאנחנו נמצאים במקום עצוב ומדכא.,Sadness
אתם מרגישים עצב כשאתם רואים ילדים סובלים ממחסור.,Sadness
הם מרגישים שהלב שלהם כואב כשאנחנו חושבים על אנשים בודדים.,Sadness
אני מרגיש עצב כשאני נזכר בדברים שהייתי רוצה לשכוח.,Sadness
אנחנו מרגישים עצב כשאנחנו שומעים על מישהו שחולה במחלה קשה.,Sadness
אתם מרגישים שהלב שלכם מתמלא בכבדות כשאתם רואים מישהו עצוב ולא מרוצה.,Sadness
הוא מרגיש עצב כשהוא חושב על אהבה שלא הצליחה לו.,Sadness
אני לא מרגיש שמחה כשאני רואה מקום נטוש ומוזנח.,Sadness
אנחנו מרגישים שהלב שלנו כואב כשאנחנו שומעים על מישהו שאיבד משהו יקר לו.,Sadness
אתם מרגישים עצב כשאתם נמצאים במצב קשה ומורכב.,Sadness
הם מרגישים עצב כשהם רואים אנשים סובלים מכל מיני סיבות.,Sadness
אני מרגיש שהלב שלי מתמלא בכבדות כשאני שומע על פרידה מכאיבה.,Sadness
אנחנו לא מרגישים שמחה כשאנחנו חושבים על חבר שאיבדנו.,Sadness
אתם מרגישים עצב כשאתם רואים מישהו מתמודד עם קושי כלשהו.,Sadness
היא מרגישה שהלב שלה כואב כשהיא שומעת על תאונה קטלנית.,Sadness
אני מרגיש עצב כשאני נמצא בסביבה עצובה ולא מוכרת לי.,Sadness
אנחנו מרגישים עצב כשאנחנו רואים משהו שלא ניתן לתקן או לשפר.,Sadness
אתם מרגישים שהלב שלכם מתמלא בכבדות כשאתם שומעים על חוסר צדק חברתי.,Sadness
הם מרגישים עצב כשהם חושבים על דברים שהיו יכולים להיות.,Sadness
אני לא מרגיש שמחה כשאני רואה מישהו לבד ובודד.,Sadness
אנחנו מרגישים שהלב שלנו כואב כשאנחנו שומעים על מישהו שמתמודד עם כאב נפשי.,Sadness
אתם מרגישים עצב כשאתם נמצאים במקום שמזכיר לכם זיכרונות עצובים.,Sadness
הוא מרגיש עצב כשהוא רואה מישהו מאבד תקווה בחיים.,Sadness
אני מרגיש שהלב שלי מתמלא בכבדות כשאני שומע על מישהו שנפגע פיזית.,Sadness
אנחנו לא מרגישים שמחה כשאנחנו חושבים על הזדמנויות שפיספסנו.,Sadness
אתם מרגישים עצב כשאתם רואים מישהו מתמודד עם בעיות קשות בחיים.,Sadness
היא מרגישה עצב כשהיא שומעת על מישהו שחי בבדידות.,Sadness
אני מרגיש עצב כשאני נמצא במקום שאינו מוכר לי ואינו נעים.,Sadness
אנחנו מרגישים שהלב שלנו כואב כשאנחנו רואים מישהו שסובל ממחלה כרונית.,Sadness
אתם מרגישים עצב כשאתם חושבים על דברים שלא תוכלו לשנות.,Sadness
הם מרגישים שהלב שלהם מתמלא בכבדות כשאנחנו רואים מישהו מתמודד עם קושי נפשי.,Sadness
אני לא מרגיש שמחה כשאני שומע על אסון אישי של מישהו.,Sadness
אנחנו מרגישים עצב כשאנחנו רואים מישהו שחווה אובדן קשה.,Sadness
אתם מרגישים שהלב שלכם מתמלא בכבדות כשאתם שומעים על חוסר צדק בינלאומי.,Sadness
היא מרגישה עצב כשהיא חושבת על דברים שהיו יכולים להיות.,Sadness
אני מרגיש עצב כשאני נמצא במצב של חוסר ודאות ובלבול.,Sadness
אני מרגיש פחד כשאני שומע רעש מוזר בלילה.,Sadness
אתה מרגיש פחד כשאתה נמצא במקום לא מוכר.,Fear
היא מרגישה שהלב שלה מתמלא בפחד כשהיא חושבת על עתיד לא בטוח.,Fear
אנחנו מרגישים פחד כשאנחנו נמצאים בסביבה מסוכנת.,Fear
הם מרגישים פחד כשהם שומעים סיפורים על דברים מפחידים.,Fear
אני מרגיש שהלב שלי מתמלא בפחד כשאני חושב על פציעה אפשרית.,Fear
היא מרגישה פחד כשהיא שומעת רעש בלתי מוסבר בבית.,Fear
אנחנו מרגישים פחד כשאנחנו חושבים על דברים שלא נוכל לשלוט בהם.,Fear
אתם מרגישים שהלב שלכם מתמלא בפחד כשאתם רואים סרט אימה.,Fear
הם מרגישים פחד כשהם נמצאים במצב לא ברור.,Fear
אני מרגיש פחד כשאני חושב על העתיד הלא ידוע.,Fear
אנחנו מרגישים שהלב שלנו מתמלא בפחד כשאנחנו שומעים על אסון קרוב.,Fear
אתם מרגישים פחד כשאתם נמצאים בסיטואציה לא נוחה.,Fear
היא מרגישה פחד כשהיא חושבת על דברים מסוכנים.,Fear
אני לא מרגיש בטחון כשאני שומע על פיגוע טרור.,Fear
אנחנו מרגישים פחד כשאנחנו נמצאים במקום חשוך ולא מוכר.,Fear
אתם מרגישים פחד כשאתם רואים חיה מסוכנת מתקרבת.,Fear
הם מרגישים שהלב שלהם מתמלא בפחד כשאנחנו חושבים על דברים שאיבדנו.,Fear
אני מרגיש פחד כשאני נמצא בסיטואציה לא מובנת.,Fear
אנחנו מרגישים פחד כשאנחנו שומעים על משהו מפחיד שהתרחש.,Fear
אתם מרגישים שהלב שלכם מתמלא בפחד כשאתם נמצאים בסביבה לא מוכרת.,Fear
הוא מרגיש פחד כשהוא שומע על תאונת דרכים קטלנית.,Fear
אני לא מרגיש בטחון כשאני רואה משהו לא מוסבר.,Fear
אנחנו מרגישים שהלב שלנו מתמלא בפחד כשאנחנו חושבים על דברים שלא נוכל להתמודד איתם.,Fear
אתם מרגישים פחד כשאתם רואים מישהו מתקרב בצורה מאיימת.,Fear
הם מרגישים פחד כשהם שומעים על מחלות לא מוכרות.,Fear
אני מרגיש שהלב שלי מתמלא בפחד כשאני חושב על דברים מסוכנים.,Fear
אנחנו לא מרגישים בטחון כשאנחנו שומעים על בעיות בינלאומיות.,Fear
אתם מרגישים פחד כשאתם נמצאים בסיטואציה מסוכנת.,Fear
היא מרגישה שהלב שלה מתמלא בפחד כשהיא רואה משהו מוזר.,Fear
אני מרגיש פחד כשאני נמצא במקום לא ידוע ולא בטוח.,Fear
אנחנו מרגישים פחד כשאנחנו שומעים על דברים שאינם בשליטתנו.,Fear
אתם מרגישים שהלב שלכם מתמלא בפחד כשאתם חושבים על דברים לא בטוחים.,Fear
הם מרגישים פחד כשהם רואים משהו לא מובן ולא מוסבר.,Fear
אני לא מרגיש בטחון כשאני שומע על דברים מפחידים ומוזרים.,Fear
אנחנו מרגישים שהלב שלנו מתמלא בפחד כשאנחנו נמצאים במצב לא ברור.,Fear
אתם מרגישים פחד כשאתם רואים מישהו מתקרב עם כוונות לא ידועות.,Fear
היא מרגישה פחד כשהיא שומעת על דברים שמפחידים אותה.,Fear
אני מרגיש שהלב שלי מתמלא בפחד כשאני חושב על אובדן בלתי צפוי.,Fear
אנחנו לא מרגישים בטחון כשאנחנו חושבים על אסון שיכול להתרחש.,Fear
אתם מרגישים פחד כשאתם נמצאים במקום שמפחיד אתכם.,Fear
הוא מרגיש פחד כשהוא רואה משהו בלתי מוסבר ומתמיה.,Fear
אני מרגיש פחד כשאני נמצא בסיטואציה של חוסר ודאות.,Fear
אנחנו מרגישים שהלב שלנו מתמלא בפחד כשאנחנו שומעים על משהו שמאיים עלינו.,Fear
אתם מרגישים פחד כשאתם רואים מישהו שלא מתנהג בצורה נורמלית.,Fear
היא מרגישה פחד כשהיא חושבת על דברים לא ידועים ולא מובנים.,Fear
אני לא מרגיש בטחון כשאני שומע על דברים שלא ניתן להסביר.,Fear
אנחנו מרגישים פחד כשאנחנו רואים משהו שיכול להוות סכנה.,Fear
אתם מרגישים שהלב שלכם מתמלא בפחד כשאתם חושבים על דברים מפחידים.,Fear
הם מרגישים פחד כשהם שומעים על דברים מסוכנים ומאיימים.,Fear
אני מרגיש הפתעה כשאני מקבל מתנה בלתי צפויה.,Fear
אתה מרגיש הפתעה כשאתה רואה מישהו שלא ציפית לראות.,Surprise
היא מרגישה שהלב שלה מתמלא בהפתעה כשהיא שומעת חדשות מרעישות.,Surprise
אנחנו מרגישים הפתעה כשאנחנו רואים משהו יוצא דופן ברחוב.,Surprise
הם מרגישים הפתעה כשהם מקבלים הודעה משמחת.,Surprise
אני מרגיש שהלב שלי מתמלא בהפתעה כשאני שומע על משהו מדהים.,Surprise
היא מרגישה הפתעה כשהיא רואה את החבר שלה במפתיע.,Surprise
אנחנו מרגישים הפתעה כשאנחנו שומעים על משהו שלא ציפינו לו.,Surprise
אתם מרגישים שהלב שלכם מתמלא בהפתעה כשאתם רואים הופעה מיוחדת.,Surprise
הם מרגישים הפתעה כשהם רואים את השמש זורחת באמצע הלילה.,Surprise
אני מרגיש הפתעה כשאני מגלה משהו שלא ידעתי.,Surprise
אנחנו מרגישים שהלב שלנו מתמלא בהפתעה כשאנחנו שומעים על שינוי מפתיע.,Surprise
אתם מרגישים הפתעה כשאתם רואים מישהו שמזכיר לכם משהו מהעבר.,Surprise
היא מרגישה הפתעה כשהיא מגלה דבר חדש ולא ידוע לה.,Surprise
אני לא מרגיש שגרה כשאני שומע על חידוש מעניין.,Surprise
אנחנו מרגישים הפתעה כשאנחנו מקבלים מתנה ייחודית.,Surprise
אתם מרגישים הפתעה כשאתם רואים תופעה שלא ציפיתם לראות.,Surprise
הם מרגישים שהלב שלהם מתמלא בהפתעה כשאנחנו שומעים על תגלית מדעית.,Surprise
אני מרגיש הפתעה כשאני רואה מקום שלא ידעתי שקיים.,Surprise
אנחנו מרגישים הפתעה כשאנחנו שומעים על חוויה יוצאת דופן.,Surprise
אתם מרגישים שהלב שלכם מתמלא בהפתעה כשאתם נמצאים בסיטואציה בלתי צפויה.,Surprise
הוא מרגיש הפתעה כשהוא מגלה משהו חשוב ומעניין.,Surprise
אני לא מרגיש שגרה כשאני רואה משהו שלא ציפיתי לו.,Surprise
אנחנו מרגישים שהלב שלנו מתמלא בהפתעה כשאנחנו חושבים על דברים שלא חשבנו עליהם.,Surprise
אתם מרגישים הפתעה כשאתם רואים מישהו משנה את דעתו לפתע.,Surprise
הם מרגישים הפתעה כשהם שומעים על משהו שלא הכירו בעבר.,Surprise
אני מרגיש שהלב שלי מתמלא בהפתעה כשאני מגלה דבר חדש ומרענן.,Surprise
אנחנו לא מרגישים שגרה כשאנחנו שומעים על דבר שלא ציפינו לו.,Surprise
אתם מרגישים הפתעה כשאתם רואים מישהו עושה דבר מפתיע.,Surprise
היא מרגישה שהלב שלה מתמלא בהפתעה כשהיא חושבת על דברים שלא חשבה עליהם.,Surprise
אני מרגיש הפתעה כשאני מגלה פריט שלא ידעתי עליו.,Surprise
אנחנו מרגישים הפתעה כשאנחנו רואים משהו מרהיב ובלתי נשכח.,Surprise
אתם מרגישים שהלב שלכם מתמלא בהפתעה כשאתם שומעים על חידוש טכנולוגי.,Surprise
הם מרגישים הפתעה כשהם רואים משהו שלא הכירו.,Surprise
אני לא מרגיש שגרה כשאני שומע על משהו שלא ידעתי.,Surprise
אנחנו מרגישים שהלב שלנו מתמלא בהפתעה כשאנחנו חושבים על דברים שלא חשבנו עליהם.,Surprise
אתם מרגישים הפתעה כשאתם רואים מישהו שמשנה את דעתו לפתע.,Surprise
היא מרגישה הפתעה כשהיא שומעת על משהו שלא ציפתה לו.,Surprise
אני מרגיש שהלב שלי מתמלא בהפתעה כשאני מגלה דבר חדש ומרענן.,Surprise
אנחנו לא מרגישים שגרה כשאנחנו רואים משהו יוצא דופן ולא שגרתי.,Surprise
אתם מרגישים הפתעה כשאתם שומעים על משהו שלא הכרתם.,Surprise
הוא מרגיש הפתעה כשהוא רואה משהו שונה ומיוחד.,Surprise
אני מרגיש הפתעה כשאני נמצא בסיטואציה לא צפויה.,Surprise
אנחנו מרגישים שהלב שלנו מתמלא בהפתעה כשאנחנו רואים משהו בלתי נשכח.,Surprise
אתם מרגישים הפתעה כשאתם שומעים על חידוש מרהיב ומעניין.,Surprise
היא מרגישה הפתעה כשהיא חושבת על דברים שלא חשבה עליהם.,Surprise
אני לא מרגיש שגרה כשאני רואה משהו לא צפוי ולא שגרתי.,Surprise
אנחנו מרגישים הפתעה כשאנחנו רואים משהו לא שגרתי ומרתק.,Surprise
אתם מרגישים שהלב שלכם מתמלא בהפתעה כשאתם שומעים על משהו מדהים ומעניין.,Surprise
הם מרגישים הפתעה כשהם רואים משהו מרהיב ויוצא דופן.,Surprise
אני מרגיש גועל כשאני רואה משהו מטונף ולא נעים.,Surprise
אתה מרגיש גועל כשאתה מריח משהו מסריח.,Disgust
היא מרגישה שהלב שלה מתמלא בגועל כשהיא רואה משהו דוחה.,Disgust
אנחנו מרגישים גועל כשאנחנו רואים תמונה לא נעימה.,Disgust
הם מרגישים גועל כשהם שומעים משהו מגעיל.,Disgust
אני מרגיש שהלב שלי מתמלא בגועל כשאני חושב על אוכל מקולקל.,Disgust
היא מרגישה גועל כשהיא רואה מישהו לא נקי.,Disgust
אנחנו מרגישים גועל כשאנחנו שומעים על דברים בלתי מוסברים.,Disgust
אתם מרגישים שהלב שלכם מתמלא בגועל כשאתם רואים משהו לא תקין.,Disgust
הם מרגישים גועל כשהם רואים משהו לא ראוי ולא מוסרי.,Disgust
אני מרגיש גועל כשאני רואה משהו מזוהם ומטונף.,Disgust
אנחנו מרגישים שהלב שלנו מתמלא בגועל כשאנחנו שומעים על משהו מסריח.,Disgust
אתם מרגישים גועל כשאתם רואים חיה לא נקייה.,Disgust
הוא מרגיש גועל כשהוא חושב על דברים לא נעימים.,Disgust
אני לא מרגיש נעים כשאני רואה משהו דוחה ולא נעים.,Disgust
אנחנו מרגישים גועל כשאנחנו רואים משהו לא ראוי ולא מוסרי.,Disgust
אתם מרגישים גועל כשאתם שומעים על משהו מסריח ולא נעים.,Disgust
הם מרגישים שהלב שלהם מתמלא בגועל כשאנחנו חושבים על דברים מגעילים.,Disgust
אני מרגיש גועל כשאני רואה משהו מזוהם ומגעיל.,Disgust
אנחנו מרגישים גועל כשאנחנו שומעים על משהו מטונף ומסריח.,Disgust
אתם מרגישים שהלב שלכם מתמלא בגועל כשאתם רואים משהו לא תקין.,Disgust
היא מרגישה גועל כשהיא רואה משהו לא נעים ולא מתאים.,Disgust
אני לא מרגיש נעים כשאני שומע על דברים מגעילים ולא רצויים.,Disgust
אנחנו מרגישים שהלב שלנו מתמלא בגועל כשאנחנו חושבים על דברים לא ראויים.,Disgust
אתם מרגישים גועל כשאתם רואים מישהו לא נקי ולא מסודר.,Disgust
הם מרגישים גועל כשהם שומעים על משהו מסריח ומטונף.,Disgust
אני מרגיש שהלב שלי מתמלא בגועל כשאני רואה משהו דוחה ומטונף.,Disgust
אנחנו לא מרגישים נעים כשאנחנו שומעים על דברים לא נעימים ולא תקינים.,Disgust
אתם מרגישים גועל כשאתם רואים משהו מגעיל ומזוהם.,Disgust
היא מרגישה שהלב שלה מתמלא בגועל כשהיא חושבת על דברים מגעילים.,Disgust
אני מרגיש גועל כשאני נמצא בסביבה לא נקייה ולא נעימה.,Disgust
אנחנו מרגישים גועל כשאנחנו שומעים על משהו מסריח ומזוהם.,Disgust
אתם מרגישים שהלב שלכם מתמלא בגועל כשאתם רואים משהו לא נעים ולא רצוי.,Disgust
הם מרגישים גועל כשהם רואים משהו דוחה ומטונף.,Disgust
אני לא מרגיש נעים כשאני שומע על דברים לא נעימים ולא תקינים.,Disgust
אנחנו מרגישים שהלב שלנו מתמלא בגועל כשאנחנו חושבים על דברים לא ראויים ולא נעימים.,Disgust
אתם מרגישים גועל כשאתם רואים מישהו לא נקי ולא מסודר.,Disgust
הוא מרגיש גועל כשהוא שומע על משהו מסריח ומגעיל.,Disgust
אני מרגיש שהלב שלי מתמלא בגועל כשאני רואה משהו לא נעים ומזוהם.,Disgust
אנחנו לא מרגישים נעים כשאנחנו שומעים על דברים לא נעימים ולא תקינים.,Disgust
אתם מרגישים גועל כשאתם רואים משהו מגעיל ולא ראוי.,Disgust
היא מרגישה גועל כשהיא חושבת על דברים לא נעימים ולא מתאימים.,Disgust
אני מרגיש גועל כשאני נמצא במקום לא נקי ולא מסודר.,Disgust
אנחנו מרגישים שהלב שלנו מתמלא בגועל כשאנחנו שומעים על משהו מסריח ולא נעים.,Disgust
אתם מרגישים גועל כשאתם רואים משהו לא תקין ולא מתאים.,Disgust
הם מרגישים שהלב שלהם מתמלא בגועל כשאנחנו חושבים על דברים לא ראויים ולא נעימים.,Disgust
אני לא מרגיש נעים כשאני שומע על דברים לא נעימים ולא מתאימים.,Disgust
אנחנו מרגישים גועל כשאנחנו רואים משהו דוחה ולא נעים.,Disgust
אתם מרגישים שהלב שלכם מתמלא בגועל כשאתם רואים משהו מגעיל ולא מסודר.,Disgust
הוא מרגיש גועל כשהוא שומע על משהו מסריח ומטונף.,Disgust
אני מרגיש גועל כשאני רואה משהו לא נקי ולא מתאים.,Disgust
אני מרגיש כעס כשמישהו מפריע לי במכוון.,Anger
אתה מרגיש כעס כשאתה רואה אי צדק חברתי.,Anger
היא מרגישה שהלב שלה מתמלא בכעס כשהיא שומעת על דברים שמפירים את שלוות הרוח.,Anger
אנחנו מרגישים כעס כשאנחנו רואים התנהגות לא ראויה.,Anger
הם מרגישים כעס כשהם נתקלים באי צדק בעבודה.,Anger
אני מרגיש שהלב שלי מתמלא בכעס כשאני חושב על דברים שמעצבנים אותי.,Anger
היא מרגישה כעס כשהיא שומעת על עוולות חברתיות.,Anger
אנחנו מרגישים כעס כשאנחנו רואים מישהו עושה דבר פוגעני.,Anger
אתם מרגישים שהלב שלכם מתמלא בכעס כשאתם חושבים על דברים שלא צודקים.,Anger
הם מרגישים כעס כשהם שומעים על חוסר צדק פוליטי.,Anger
אני מרגיש כעס כשאני רואה מישהו מפיר את הכללים בכוונה.,Anger
אנחנו מרגישים שהלב שלנו מתמלא בכעס כשאנחנו שומעים על עוול שנעשה.,Anger
אתם מרגישים כעס כשאתם רואים מישהו עוקף בתור בכוונה.,Anger
הוא מרגיש כעס כשהוא שומע על משהו שלא פועל כמו שצריך.,Anger
אני לא מרגיש נעים כשאני שומע על דברים שמרגיזים אותי.,Anger
אנחנו מרגישים כעס כשאנחנו רואים מישהו משתמש בכוח לרעה.,Anger
אתם מרגישים כעס כשאתם שומעים על דברים שלא מתנהלים כשורה.,Anger
הם מרגישים שהלב שלהם מתמלא בכעס כשאנחנו חושבים על דברים שלא הוגנים.,Anger
אני מרגיש כעס כשאני רואה מישהו מפר את הכללים בכוונה.,Anger
אנחנו מרגישים כעס כשאנחנו שומעים על חוסר צדק משפטי.,Anger
אתם מרגישים שהלב שלכם מתמלא בכעס כשאתם חושבים על דברים שמפירים את שלוות הרוח.,Anger
היא מרגישה כעס כשהיא רואה מישהו מתנהג בצורה לא הולמת.,Anger
אני לא מרגיש נעים כשאני שומע על דברים שמרגיזים אותי ולא נכונים.,Anger
אנחנו מרגישים שהלב שלנו מתמלא בכעס כשאנחנו חושבים על דברים שלא הוגנים.,Anger
אתם מרגישים כעס כשאתם רואים מישהו עושה משהו פוגע בכוונה.,Anger
הם מרגישים כעס כשהם שומעים על משהו שלא מתנהל כשורה.,Anger
אני מרגיש שהלב שלי מתמלא בכעס כשאני חושב על דברים שמפירים את שלוות הרוח.,Anger
אנחנו לא מרגישים נעים כשאנחנו שומעים על דברים שמרגיזים אותנו ולא צודקים.,Anger
אתם מרגישים כעס כשאתם רואים מישהו עוקף בתור בכוונה.,Anger
היא מרגישה שהלב שלה מתמלא בכעס כשהיא חושבת על דברים שלא מתנהלים כשורה.,Anger
אני מרגיש כעס כשאני נמצא בסיטואציה לא צודקת.,Anger
אנחנו מרגישים כעס כשאנחנו שומעים על דברים שלא פועלים כפי שצריך.,Anger
אתם מרגישים שהלב שלכם מתמלא בכעס כשאתם חושבים על דברים שמרגיזים אתכם.,Anger
הם מרגישים כעס כשהם רואים מישהו מפר את הכללים בכוונה.,Anger
אני לא מרגיש נעים כשאני שומע על דברים שלא מתנהלים כשורה.,Anger
אנחנו מרגישים שהלב שלנו מתמלא בכעס כשאנחנו חושבים על דברים שלא צודקים.,Anger
אתם מרגישים כעס כשאתם רואים מישהו פוגע במישהו אחר בכוונה.,Anger
הוא מרגיש כעס כשהוא שומע על משהו שלא פועל כמו שצריך.,Anger
אני מרגיש שהלב שלי מתמלא בכעס כשאני חושב על דברים שמרגיזים אותי ולא נכונים.,Anger
אנחנו לא מרגישים נעים כשאנחנו שומעים על דברים שמרגיזים אותנו ולא צודקים.,Anger
אתם מרגישים כעס כשאתם רואים מישהו עוקף בתור בכוונה.,Anger
היא מרגישה כעס כשהיא חושבת על דברים שמפרים את שלוות הרוח.,Anger
אני מרגיש כעס כשאני נמצא בסיטואציה של חוסר צדק.,Anger
אנחנו מרגישים שהלב שלנו מתמלא בכעס כשאנחנו שומעים על דברים שלא מתנהלים כשורה.,Anger
אתם מרגישים כעס כשאתם רואים מישהו מפר את הכללים בכוונה.,Anger
הם מרגישים שהלב שלהם מתמלא בכעס כשאנחנו חושבים על דברים שלא הוגנים.,Anger
אני לא מרגיש נעים כשאני שומע על דברים שמרגיזים אותי ולא נכונים.,Anger
אנחנו מרגישים כעס כשאנחנו רואים מישהו פוגע במישהו אחר בכוונה.,Anger
אתם מרגישים שהלב שלכם מתמלא בכעס כשאתם חושבים על דברים שמפרים את שלוות הרוח.,Anger
הוא מרגיש כעס כשהוא שומע על משהו שלא פועל כמו שצריך.,Anger
אני מרגיש כעס כשאני חושב על דברים שמרגיזים אותי ולא נכונים.,Anger
"יצאתי עם זר הפרחים שלי בצבעי אדום וצהוב מתחת לזרועי, מרגיש מעט אופטימי יותר ממה שהייתי כשגעתי.",Joy
"אני מסביר למה נשארתי בקשר עם בחור שהיה בדרכים רבות לא בוגר ולא מחויב, למרות ההתלהבות שכנראה הייתי צריך להרגיש לקבלה לתוכנית המאסטרים באוניברסיטת וירג'יניה.",Joy
אני אוהב להרגיש את אותה תחושת נשימה חסרת סבלנות כמו של קורא שמחכה לראות מה יקרה הלאה.,Joy
"אני מרגיש כאילו אני נמצא בפיסגה, מתרגש ומלא באנרגיה, בלי שום סיבה מיוחדת.",Joy
אני מרגיש שכחול ואדום הם צבעים עשירים ומעולים.,Joy
"אני מרגיש שגיליתי אתכם דרך תגובות ומיילים, ולכן אני מעריך ושמח שאתם חלק מהמרחב הקטן הזה.",Joy
"אני בוחן את הפוסטים שלי מהשנים האחרונות ורק מרגיש סיפוק עם קטעים מעורפלים בלבד, רק חלק מהם מצליחים לתפוס את מה שזה להיות אני או מישהו כמוני בדבלין במאה ה-21.",Joy
אני מרגיש יותר מוסרי כשאני אוכל ירקות עם חומוס.,Joy
"אני מרגיש מאוד מכובד להיות כלול במגזין שמעדיף בריאות ואורח חיים נקי כל כך. אני סקרן, האם אתם קוראים מגזינים שמתמקדים בבריאות ואורח חיים נקי, כמו ",Joy
אני מרגיש שקט ומאושר לגבי החתונה שלנו שוב עכשיו אחרי שיש לי זמן לחשוב על זה.,Joy
"שוחחתי עם מאמן קלודיה בארקומב ומאמן עלי בו במשך זמן רב, והם שניהם גרמו לי להרגיש מאוד מקובל באוניון.",Joy
"אני מרגיש שאני יכול להיכנס לכל מצב ולהצליח כי אני מתמודד כל חיי, כך הסביר שאוב בראיון עם ה",Joy
אני במצב רוח כל כך שמח היום; אני מרגיש כמעט מרוצה ולא עשיתי משהו שונה מהרגיל היום. זה נפלא.,Joy
אני גם יודע שאני מרגיש שום דבר אלא חיבה ידידותית אליהם גם כן.,Joy
"אני מרגיש שעשיתי סוף שבוע פרודוקטיבי למדי ואני לא תמיד יכול לומר את זה, לא משנה כמה אני מסיים.",Joy
אני מרגיש שאני מתמודד עם הדיאטה שלי בדרך הנכונה ושהכל בסדר.,Joy
אני מרגיש לגמרי רגוע ונוח.,Joy
אני מרגיש שאני זוכה לברכה בעולמי.,Joy
אני מרגיש כל כך שמח.,Joy
אני רץ בקצב של דקות שנראה לי די סביר.,Joy
אני מרגיש רע מאוד אז אני לא מאוד שאפתן עכשיו.,Sadness
אני מעדכן את הבלוג שלי כי אני מרגיש רע.,Sadness
אני אף פעם לא עושה לה להפרד ממני כי אני לא רוצה שהיא תרגיש שאני מתבייש בה.,Sadness
הרגשתי קצת גאווה כשעשיתי את זה.,Sadness
"אני מרגיש רגשיות יפה כשאני יודע שהנשים האלה, מהן הכרתי רק חלק קטן, החזיקו אותי ואת הבבה שלי במסע שלנו.",Sadness
אני מרגיש שהמשמעות שלי עכשיו היא רק לקרוע את המפרשים שלך עם הפסימיות שלי ואי הסיפוק שלי.,Sadness
אני מרגיש שהגעתי לאיזו עוצמה או משהו כזה בגלל שלא הייתה לי חום האם בכלל.,Sadness
אני מרגיש קצת המום אבל לא יכול לדמיין מה מרגישים האנשים שעבדו בסטודיו עד הבוקר.,Sadness
אני מרגיש שאני פגום או משהו בגלל שאין לי דלקת חום.,Sadness
ביליתי את שני השבועות האחרונים בבית הספר מרגיש מצוברח.,Sadness
"אני מרגיש שלאנשים יש את זה יותר ממה שהם צריכים וממלאים את התחושה כאשר זה עף בצורה חופשית מהשפה, אבל זה בסדר מבחינתי.",Sadness
אני מרגיש שאני רק מתחיל להבין את הברכות שבאות מהכניעה לרצון האדון.,Sadness
"אני חושב על הדברים שאמרתי ועל הדברים שעשיתי; זה גורם לי להרגיש תיעוב עצמי כשאני צריך לגרום לך להיות מאושר ולחייך, שזה רחוק ממה שעשיתי.",Sadness
אני מרגיש שאני פגום או משהו בגלל שאין לי חום.,Sadness
אני מרגיש שהלב שלי עונה ממה שעשיתי.,Sadness
"עדיין הרגשתי רגיש ומלא באי נוחות, אז מגי פינקה אותי בגלידה ובסרט ",Sadness
אני מרגיש צורך אבל נוח עם זה; אני מרגיש פגיע אבל בטוח; אני מרגיש צורך להשיג את המטרה אך לא מקבל הקלה.,Sadness
"כתבתי על הנטייה שלי לעיתים קרובות להתחייב יותר מדי, מה שיכול לגרום לי להרגיש עייף ומוצף.",Sadness
התחלתי להרגיש מאוכזב הבוקר.,Sadness
אני לא יכול להיכנס לחנות בכל מקום שבו אני לא מרגיש לא נעים.,Anger
הרגשתי כעס בסוף שיחת הטלפון.,Anger
"אני צוחק; אני מרגיש עצבני, עייף וטרם-הורמונלי, מה שאני כנראה, אבל בכל מקרה זה רק היה שבוע, ואני בחדות כמו כלב ים בחופשה בקיץ.",Anger
אני מרגיש שכעס שבור בגלל שרבים לא עמדו בהתחייבויותיהם.,Anger
אני מרגיש תיעוב בכל גבר בעמדה בכירה שמדבר על בעיות חשמל באזור שלו ואומר שגם הבית שלי סובל מבעיות דומות.,Anger
אני מרגיש קצת לחוץ אפילו שהדברים שאני עושה הם כיף.,Anger
פרסמתי בדף הפייסבוק שלי מוקדם יותר השבוע; הייתי מרגיש קצת כעס ויצאתי מהשגרה בימים האחרונים.,Anger
"אני מרגיש מתוח, אבל אני מצפה לשיחה הקרובה עם המנהיג שלי.",Anger
אני מרגיש שהלב שלי מרגיש מורתע מהדברים שאני עושה.,Anger
אני שונא כשאני מרגיש פחד ללא סיבה מוחשית.,Anger
אני מרגיש זועם על משהו שלא מתנהל כפי שציפיתי.,Anger
אני מרגיש תסכול כי אני לא מצליח למצוא את מה שאני מחפש.,Anger
אני שונא את זה כשאני מרגיש כעס בלי שום סיבה.,Anger
אני מרגיש שהלב שלי כואב מהדברים שאני עושה.,Anger
אני מרגיש שאני לא מצליח להתמודד עם הפערים האישיים שלי.,Anger
אני מרגיש שמישהו לא מסכים עם הדרך שבה אני עושה דברים.,Anger
אני מרגיש כאילו אני לא יכול להכיל את הכעס שלי על מה שקרה.,Anger
אני מרגיש רגשות כעס ותסכול כלפי עצמי על הדרך בה אני מתנהג.,Anger
אני מרגיש תסכול כשאני לא מצליח להשיג את המטרות שלי.,Anger
אני מרגיש כעס כשאני רואה שמישהו מפר את ההבטחות שלו.,Anger
אני לא יכול להיכנס לחנות בכל מקום שבו אני לא מרגיש לא נעים.,Fear
אני מרגיש חשש כשהמישהו שאני אוהב עוזב אותי.,Fear
אני מרגיש חסר אונים כשהייתי נמצא במצב זה.,Fear
אני מרגיש פחד משום דבר שאני לא מבין.,Fear
אני מרגיש פחד כשאני פוגש אנשים חדשים.,Fear
אני מרגיש שאיני יכול להימנע מאי נוחות בסיטואציות חברתיות.,Fear
אני מרגיש בלחץ של חוסר אונים.,Fear
אני מרגיש לא נעים ומלא במתח סביב אנשים שאני לא מכיר.,Fear
אני מרגיש פחד מהמחשבות שלי על העתיד.,Fear
אני מרגיש שאני לא מצליח להימנע מהפחד שלי מדברים מסוימים.,Fear
אני מרגיש שאני לא מצליח להתמודד עם הפחד שלי ממצבים חדשים.,Fear
אני מרגיש פחד כשאני נתקל במצבים לא מוכרים.,Fear
אני מרגיש חשש ממחשבות שליליות שמציקות לי.,Fear
אני מרגיש פחד מהלא נודע ומהמצבים החדשים שאני פוגש.,Fear
אני מרגיש פחד כשאני חושב על העתיד שלי.,Fear
אני מרגיש פחד ממחשבות שמטרידות אותי.,Fear
אני מרגיש פחד מהשינויים המהירים שהתרחשו.,Fear
אני מרגיש פחד מהתגובה הלא צפויה של מישהו.,Fear
אני מרגיש פחד מהמחשבות שלי על המצב הנוכחי.,Fear
אני מרגיש קצת המום אבל לא יכול לדמיין מה מרגישים האנשים שעבדו בסטודיו עד הבוקר.,Surprise
אני מרגיש מופתע מהעובדה שיש כל כך הרבה אנשים שהתעניינו בנושא הזה.,Surprise
אני מרגיש מופתע מהתגובות של האנשים שמסביבי.,Surprise
אני מרגיש קצת המום מהתפנית החדשה בסיפור.,Surprise
אני מרגיש מופתע מהדרך שבה הדברים התפתחו.,Surprise
אני מרגיש הפתעה מהתגובה של חברי לקבוצה.,Surprise
אני מרגיש הפתעה מההזדמנות שנפתחה בפניי.,Surprise
אני מרגיש מופתע מהממצאים שגיליתי לאחרונה.,Surprise
אני מרגיש הפתעה מהשינוי הפתאומי בתוכניות שלי.,Surprise
אני מרגיש המום מהחדשות ששמעתי.,Surprise
אני מרגיש הפתעה מהכישרון החדש שגיליתי.,Surprise
אני מרגיש מופתע מהתוצאה של העבודה שעשיתי.,Surprise
אני מרגיש הפתעה מהיכולת של מישהו אחר.,Surprise
אני מרגיש הפתעה מהשפעת הדברים החדשים שסביבי.,Surprise
אני מרגיש מופתע מהשינויים המהירים שהתרחשו.,Surprise
אני מרגיש הפתעה מהתגובה הלא צפויה של מישהו.,Surprise
אני מרגיש מופתע מההתפתחות הבלתי צפויה בסיפור.,Surprise
אני מרגיש הפתעה מהעוצמה של החוויה החדשה שאני חווה.,Surprise
אני מרגיש מופתע מההצלחה שהגעתי אליה.,Surprise
אני מרגיש גועל כשהמזון שלי נוגע במשהו מלוכלך.,Disgust
היא מרגישה גועל כשיש לה צורך לגעת במשהו מגעיל.,Disgust
אנחנו מרגישים גועל כשאנחנו נתקלים באובייקט דוחה ברחוב.,Disgust
אתם מרגישים גועל כשאתם רואים צבעים מעורבבים בצורה לא נעימה.,Disgust
הם מרגישים גועל כשהם נוגעים בפריט ישן ומסריח.,Disgust
אני מרגיש גועל כשאני מוצא חפצים עזובים ומלוכלכים בתיק שלי.,Disgust
היא מרגישה גועל כשהיא נתקלת במזון מקולקל בשוק.,Disgust
אנחנו מרגישים גועל כשאנחנו פוגשים בעל חיים חולה ומזוהם.,Disgust
אתם מרגישים גועל כשהמים שזורמים בברז נראים מלוכלכים.,Disgust
הם מרגישים גועל כשחפצים מסביבם משדרים ריח רע.,Disgust
אני מרגיש גועל כשאני רואה חפצים מתפוררים ברחוב.,Disgust
היא מרגישה גועל כשיש לה צורך להשתמש במתקן ציבורי מלוכלך.,Disgust
אנחנו מרגישים גועל כשאנחנו נוגעים בעור עבש ומגעיל.,Disgust
אתם מרגישים גועל כשאתם רואים סביבה רטובה ובלתי מטופלת.,Disgust
הם מרגישים גועל כשהם פוגשים אתרי פסולת בסביבת העבודה.,Disgust
אני מרגיש גועל כשאני מוצא שטח פתוח מלוכלך ומלא בשאריות אוכל.,Disgust
היא מרגישה גועל כשיש לה צורך ללכת על רצפה רטובה ולא נקייה.,Disgust
אנחנו מרגישים גועל כשאנחנו שומעים על אוכל שנשאר בחוץ למשך זמן רב.,Disgust
אתם מרגישים גועל כשהאוויר סביבכם מלא באדים מסריחים.,Disgust
הם מרגישים גועל כשאתם רואים כלי אוכל שעברו שימוש חוזר ללא שטיפה.,Disgust
קרני השמש החמות מילאו את ליבה בשמחה טהורה.,Joy
היא לא הצליחה להפסיק לחייך לאחר ששמעה את החדשות הטובות.,Joy
צחוקם של הילדים הדהד דרך הפארק.,Joy
הזכייה בתחרות הביאה לו אושר רב.,Joy
האיחוד שלהם היה מלא בדמעות של שמחה.,Joy
מראה הים תמיד הביא לה שלווה וסיפוק.,Joy
ההצעה שלו עשתה אותה לאדם המאושר ביותר בעולם.,Joy
מסיבת ההפתעה הייתה אירוע שמח עבור כולם.,Joy
ההליכה בגן הפרחים העלתה את רוחה.,Joy
ההצלחה שלו מילאה את הוריו בגאווה ושמחה.,Joy
השלג הראשון של השנה מילא אותה בשמחת ילדות.,Joy
הריקוד שלהם היה חגיגה של חיים ואושר.,Joy
הלידה של ילדם הביאה שמחה ללא גבולות.,Joy
הטעם של הקינוח האהוב עליה עשה לה את היום.,Joy
ליבה התנפח משמחה כשהיא צפתה בשקיעה.,Joy
מחיאות הכפיים מהקהל מילאו אותו בשמחה.,Joy
היא הרגישה זרימה של אושר כשהיא קיבלה את המכתב.,Joy
חופשתם להרים הייתה מלאה ברגעים שמחים.,Joy
המוזיקה מילאה את החדר באנרגיה שמחה.,Joy
"היא מצאה שמחה בדברים הקטנים, כמו כוס תה חמה.",Joy
הבית הריק הדהד עם עצב עמוק.,Sadness
הוא לא הצליח לעצור את הדמעות בהלוויה.,Sadness
החדשות על עזיבתה שברו את ליבו.,Sadness
התמונות הישנות הביאו גל של נוסטלגיה ועצב.,Sadness
השמיים האפורים שיקפו את מצב רוחה המדוכא.,Sadness
הכישלון שלו במבחן גרם לו להרגיש מדוכדך לחלוטין.,Sadness
השיר הזכיר לה אהבה אבודה ומילא אותה בעצב.,Sadness
"הוא ישב לבד, מביט בחלון המרטיב מהגשם בייאוש.",Sadness
הבדידות של הלילה העמיקה את צערה.,Sadness
החברות השבורה הותירה חלל בליבו.,Sadness
היא הרגישה עצב עצום לאחר הוויכוח.,Sadness
"סיום הסרט השאיר אותה בבכי, מרגישה עצב על הדמויות.",Sadness
הגור הנטוש ברחוב שבר את ליבה.,Sadness
עיניו העצובות שיקפו את כובד צערו.,Sadness
האור המתעמעם של היום נראה כאילו התאים למצב רוחה.,Sadness
החדשות על הטרגדיה מילאו את העיר בעצב.,Sadness
היא הרגישה עצב עמוק כשהבינה שלעולם לא ייפגשו שוב.,Sadness
הכיסא הריק ליד שולחן האוכל היה תזכורת קבועה לאובדנה.,Sadness
"מילותיו היו כמו סכינים, והשאירו אותה עם לב כבד.",Sadness
השקט בחדר לאחר הכאוס גרם לה להרגיש עצב.,Sadness
השקט המפחיד של היער שלח רטט של פחד בגבו.,Fear
היא קפאה מפחד כשהצל זז קרוב יותר.,Fear
הסערה בחוץ גרמה ליבה לדפוק בפחד.,Fear
צלילי הצעדים מאחוריו מילאו אותו אימה.,Fear
היא הייתה משותקת מפחד מהמראה של העכביש.,Fear
הסמטה החשוכה נראתה כאילו נסגרת סביבו.,Fear
הבית הרדוף היה מלא באווירה של פחד.,Fear
קולה רעד מפחד כשהיא ענתה לשיחה.,Fear
המחשבה על לאבד אותו מילאה אותה פחד.,Fear
המועד האחרון המתקרב גרם לה קשר של פחד בבטן.,Fear
ההתנפצות הפתאומית בלילה גרמה לליבו לקפוץ בפחד.,Fear
הפחד מכישלון שמר עליו ער כל הלילה.,Fear
היא לא הצליחה להשתחרר מהתחושה שמישהו צופה בה.,Fear
רצפת העץ החריקה רק הגבירה את פחדה.,Fear
פחד הגבהים שלו עשה את הטיפוס בלתי אפשרי.,Fear
הלחישות המפחידות בחושך הזינו את פחדו.,Fear
הפחד מהלא נודע מנע ממנה לקחת את הקפיצה.,Fear
כפות ידיה היו מזיעות מפחד כשהיא עלתה לבמה.,Fear
"הסיוט השאיר אותו מתעורר בזיעה קרה, אחוז פחד.",Fear
הפחד בעיניה היה בלתי ניתן להכחשה כשהחדשות נחשפו.,Fear
המתנה הבלתי צפויה הותירה אותה חסרת מילים מהפתעה.,Surprise
הוא הופתע באמת מההגעה הפתאומית שלה.,Surprise
התפנית בעלילה בסרט תפסה את כולם בהפתעה.,Surprise
מסיבת ההפתעה הותירה אותו המום ומוצף רגשות.,Surprise
היא נאנחה בהפתעה כשהיא פתחה את הדלת.,Surprise
הגשם הפתאומי היה הפתעה מוחלטת.,Surprise
ביקור ההפתעה שלו היה הדבר האחרון שציפתה לו.,Surprise
ההודעה המפתיעה בעבודה הותירה את כולם מדברים.,Surprise
היא מצמצה בהפתעה מהמחמאה הלא צפויה.,Surprise
ההצעה המפתיעה השאירה אותה עם דמעות בעיניים ושמחה גדולה.,Surprise
הסיום המפתיע של הספר השאיר אותה בקצה הכיסא.,Surprise
האיחוד המפתיע הביא דמעות לעיניהם של כולם.,Surprise
הוא קפץ לאחור בהפתעה כשקופסת הקפיצה קפצה החוצה.,Surprise
התוצאה הבלתי צפויה של המבחן השאירה אותה במצב של הפתעה.,Surprise
האורח המפתיע במסיבה היה נקודת השיא של הערב.,Surprise
היא לא הצליחה להסתיר את הפתעתה כשהיא ראתה את החשבון.,Surprise
החבילה המפתיעה ליד דלתה עשתה לה את היום.,Surprise
התגובה שלו להפתעה הייתה בלתי ניתנת לתיאור.,Surprise
התפנית המפתיעה במשחק שינתה את הכל.,Surprise
היא הופתעה לטובה מהתפתחות העניינים.,Surprise
מראה האוכל המקולקל מילא אותו בגועל.,Disgust
היא קימטה את אפה בגועל מהריח הרע.,Disgust
האמבטיה המלוכלכת הייתה מקור לגועל מוחלט.,Disgust
המרקם החלקלק של האוכל גרם לה להרגיש גועל.,Disgust
ההתנהגות הגסה שלו השאירה לה טעם רע של גועל בפה.,Disgust
מראה הגופה המרקיבה גרם לו להסתכל הצידה בגועל.,Disgust
המחשבה על הבגידה מילאה אותה בגועל.,Disgust
הלכלוך על מושבי הרכבת התחתית גרם לה להתכווץ מגועל.,Disgust
הריח של האשפה היה בלתי ניתן לעיכול ומגעיל.,Disgust
היא לא הצליחה להסתיר את גועל נפשה מהמראה של הג'וק.,Disgust
הדרך בה הוא התייחס למלצר הייתה דוחה בעיניה.,Disgust
מראה הכלים המלוכלכים בערימה גרם לו להרגיש גועל.,Disgust
הנאום של הפוליטיקאי המושחת מילא את הקהל בגועל.,Disgust
הטעם של החלב המקולקל גרם לה להרגיש בחילה בגועל.,Disgust
היא הרגישה גל של גועל כשהיא עברה ליד הנהר המזוהם.,Disgust
הרעיון של רמאות מילא אותו בגועל.,Disgust
התנאים הלא סניטריים של המטבח היו מגעילים לחלוטין.,Disgust
מראה הדם גרם לקיבתה להתכווץ בגועל.,Disgust
השקרים הבלתי פוסקים שלו היו דוחים בעיני כולם סביבו.,Disgust
הזוהמה בבית הנטוש הייתה דוחה מעבר לכל דמיון.,Disgust
הכעס שלו התפוצץ כשהוא גילה את האמת.,Anger
היא קפצה באגרופיה בכעס כשהלכה משם.,Anger
היחס הלא הוגן העלה את כעסו הבוער.,Anger
קולה רעד מכעס כשהיא התעמתה איתו.,Anger
הבגידה השאירה אותו רותח מכעס.,Anger
הפקק בכביש העלה את כעסה על פני השטח.,Anger
הוא בקושי הצליח לרסן את כעסו מההחלטה הלא הוגנת.,Anger
המילים הקשות שהוחלפו השאירו את שניהם זועמים.,Anger
ההפרעות המתמשכות העלו את כעסה במהלך הפגישה.,Anger
ההפרעות המתמשכות העלו את כעסה במהלך הפגישה.,Anger
אני מרגיש מושפל וכועס.,Sadness
אני יכול לעבור מלהרגיש כל כך חסר תקווה לכל כך ארור תקווה רק מלהיות ליד מישהו למי אכפת והוא ער,Sadness
"אני מחכה דקה לפוסט, אני מרגיש חמדן לא נכון",Anger
אני מרגיש עצבני,Anger
אני מרגיש קצת עמוס לאחרונה לא היה בטוח למה זה היה,Sadness
אני כבר לוקח או מיליגרם או פעמים מומלץ כמות ו- נרדמתי הרבה יותר מהר אבל אני גם מרגיש כל כך מצחיק,Surprise
אני מרגיש מבולבל לגבי החיים כמו א' נער או תשוש כגבר בן שנה,Fear
"אני כבר עם פטרונס במשך שנים אני מרגיש כי פטרונאס הוא עשה עבודה טובה, עשה רווח עצום",Joy
אני מרגיש שאני צריך לעשות את זה סבל שאני רואה אומר משהו,Sadness
אני מרגיש שלרוץ זו חוויה אלוהית ושאני יכול לצפות לה כדי לקבל סוג כלשהו של מפגש רוחני,Joy
אני חושב שזה הזמן הקל ביותר בשנה להרגיש לא מרוצה,Anger
אני מרגיש אנרגיה נמוכה אני פשוט צמא,Sadness
"יש לי אהדה עצומה לנקודה הכללית, אבל כפרוטו אפשרי סופר מנסה למצוא זמן לכתוב בפינות החיים, ללא שום סימן של סוכן לתת רק חוזה פרסום זה מרגיש קצת יקר",Joy
אני לא מרגיש חרדה רגועה היא בכל צד,Joy
אני לא הרגשתי כל כך נבוכה,Sadness
אני מרגיש די פתטי רוב הזמן,Sadness
התחלתי להרגיש סנטימנטלי על בובות אני היה לו כילד וכך החל אוסף של בובות ברבי וינטג 'משנות השישים,Sadness
עכשיו אני מרגיש בסכנה וספקן לגבי הערך של כל יחידת עבודה שאני משקיע,Fear
אני מרגיש עצבני ודחוי בלי אף אחד לעשות כל דבר או לומר כל דבר,Anger
אני מרגיש המום לחלוטין יש לי שתי אסטרטגיות שעוזרות לי להרגיש מקורקע שפוך את לבי ביומן שלי בצורה של מכתב לאלוהים ואז לסיים עם חמישה דברים שאני הכי מודה עליהם,Fear
